{"type":"sprite","x":0,"y":0,"name":"","0":{"x":85,"y":30.15,"name":"holdArea","type":"sprite","r":0,"sx":1,"sy":1,"a":1,"skewX":0,"skewY":0,"0":{"type":"shape","path":[255,80,0,2,0,0,2,0,80,2,80,80,2,80,0,2,80,0,1,0,255,33]}},"1":{"x":186.7,"y":16.15,"name":"outPoint","type":"sprite","r":0,"sx":1,"sy":1,"a":0,"skewX":0,"skewY":0,"0":{"type":"shape","path":[255,6.45,0,2,6.6,0,9.25,-0.05,11.1,-1.9,3,11.1,-1.9,13,-3.8,13,-6.5,3,13,-6.5,13,-9.2,11.1,-11.1,3,11.1,-11.1,9.25,-12.95,6.6,-13,3,6.6,-13,6.55,-13,6.5,-13,3,6.5,-13,2,6.45,-13,3.75,-12.95,1.9,-11.1,3,1.9,-11.1,1.4,-10.6,1,-10,3,1,-10,0,-8.45,0,-6.5,3,0,-6.5,0,-4.55,1,-3,3,1,-3,1.4,-2.4,1.9,-1.9,3,1.9,-1.9,1.95,-1.85,2,-1.8,3,2,-1.8,3.85,0,6.45,0,3,6.45,0,2,6.45,0,1,1,16711680,1,32,1,11739905,33]}},"2":{"x":0,"y":0,"name":"bg","type":"sprite","r":0,"sx":1,"sy":1,"a":1,"skewX":0,"skewY":0,"0":{"type":"bitmap","libName":"喷壶.png","x":0,"y":0,"r":0,"sx":0.5,"sy":0.5,"skewX":0,"skewY":0},"1":{"x":57.3,"y":13.1,"name":"switchBtn","type":"sprite","r":0,"sx":0.9999542236328125,"sy":0.9999542236328125,"a":1,"skewX":0,"skewY":0,"0":{"type":"bitmap","libName":"按压处.png","x":25,"y":17,"r":0,"sx":0.5,"sy":0.5,"skewX":0,"skewY":0}}}}