{"type":"sprite","x":0,"y":0,"name":"powerSupply","0":{"x":37.6,"y":59.6,"name":"negative","type":"sprite","r":0,"sx":1,"sy":1,"a":1,"skewX":0,"skewY":0,"0":{"type":"shape","path":[255,-10,18,2,10,18,2,10,-18,2,-10,-18,2,-10,18,2,-10,18,1,0.00392156862745098,0,33]}},"1":{"x":334.85,"y":59.6,"name":"positive","type":"sprite","r":0,"sx":1,"sy":1,"a":1,"skewX":0,"skewY":0,"0":{"type":"shape","path":[255,-10,18,2,10,18,2,10,-18,2,-10,-18,2,-10,18,2,-10,18,1,0.00392156862745098,0,33]}},"2":{"type":"bitmap","libName":"位图 2","x":0,"y":0,"r":0,"sx":1,"sy":1,"skewX":0,"skewY":0}}