{"type":"sprite","x":0,"y":0,"name":"","0":{"x":63.45,"y":-0.95,"name":"dragArea","type":"sprite","r":0,"sx":1,"sy":1,"a":0,"skewX":0,"skewY":0,"0":{"type":"shape","path":[255,0,241.1,2,132.35,241.1,2,132.35,0,2,0,0,2,0,241.1,2,0,241.1,1,0.6980392156862745,6684927,33]}},"1":{"x":306.05,"y":65.6,"name":"drop","type":"sprite","r":0,"sx":0.538726806640625,"sy":0.538726806640625,"a":0,"skewX":0,"skewY":0,"0":{"type":"bitmap","libName":"DropperWater","x":-14,"y":0,"r":0,"sx":0.5,"sy":0.5,"skewX":0,"skewY":0}},"2":{"x":181.05,"y":106.05,"name":"barrel","type":"sprite","r":0,"sx":1,"sy":1,"a":1,"skewX":0,"skewY":0,"0":{"x":-14.05,"y":-36.5,"name":"dial","type":"nbMovie","r":-1.5707047140533978,"sx":1,"sy":1,"a":1,"skewX":-1.5707047140533978,"skewY":-1.5707047140533978,"0":{"index":1,"0":{"type":"bitmap","libName":"刻度_基于hei背景.png","x":-16,"y":-77,"r":0,"sx":0.5,"sy":0.5,"skewX":0,"skewY":0}},"1":{"index":1,"0":{"type":"bitmap","libName":"刻度_基于白背景.png","x":-16,"y":-77,"r":0,"sx":0.5,"sy":0.5,"skewX":0,"skewY":0}}},"1":{"type":"bitmap","libName":"针管.png","x":-123,"y":25.5,"r":-1.5707657004423605,"sx":0.5,"sy":0.5,"skewX":-1.5707657004423605,"skewY":-1.5707657004423605}},"3":{"x":270,"y":63.75,"name":"plunger","type":"sprite","r":0,"sx":1,"sy":1,"a":1,"skewX":0,"skewY":0,"0":{"x":-133.9,"y":0,"name":"","type":"sprite","r":-1.5707201603877203,"sx":0.9097900390625,"sy":3.7817840576171875,"a":1,"skewX":-1.5707047140533978,"skewY":-1.5707201603877203,"linkageClassName":"nb.interactivePinch","0":{"type":"bitmap","libName":"nb.stretchTexture","x":-34,"y":-36,"r":0,"sx":1.2999114990234375,"sy":1.2099456787109375,"skewX":0,"skewY":0}},"1":{"type":"bitmap","libName":"里.png","x":-266,"y":28.5,"r":-1.5707657004423605,"sx":0.5,"sy":0.5,"skewX":-1.5707657004423605,"skewY":-1.5707657004423605}},"4":{"x":184.5,"y":67.3,"name":"","type":"sprite","r":0,"sx":1,"sy":1,"a":1,"skewX":0,"skewY":0,"capacityVertex":[{"x":270.05,"y":39.9},{"x":270.3,"y":90.3},{"x":94.65,"y":90.3},{"x":94.5,"y":40.25}],"0":{"type":"shape","path":[255,-27.05,-90,2,-27.4,85.55,2,23,85.8,2,23,-89.85,2,-27.05,-90,2,-27.05,-90,1,1,16711680,0.1,32]}},"5":{"x":304.35,"y":65.55,"name":"dripMouth","type":"sprite","r":0,"sx":1,"sy":1,"a":1,"skewX":0,"skewY":0,"0":{"type":"shape","path":[255,13.4,-8.85,2,-13.45,-8.85,2,-13.45,8.85,2,13.4,8.85,2,13.4,-8.85,2,13.4,-8.85,1,0,3342591,33]}},"6":{"x":154.05,"y":66,"name":"bg","type":"sprite","r":0,"sx":1,"sy":1,"a":0,"skewX":0,"skewY":0,"0":{"type":"bitmap","libName":"刻度_基于hei背景.png","x":-64,"y":19.5,"r":-1.5706131013118991,"sx":0.5,"sy":0.5,"skewX":-1.5706131013118991,"skewY":-1.5706131013118991},"1":{"type":"bitmap","libName":"针管.png","x":-96,"y":65.5,"r":-1.5706131013118991,"sx":0.5,"sy":0.5,"skewX":-1.5706131013118991,"skewY":-1.5706131013118991},"2":{"type":"bitmap","libName":"里.png","x":-150,"y":26.5,"r":-1.5706131013118991,"sx":0.4999847412109375,"sy":0.4999847412109375,"skewX":-1.5706131013118991,"skewY":-1.5706131013118991}}}