{"type":"sprite","x":0,"y":0,"name":"","0":{"x":334.65,"y":-488.8,"name":"dragArea","type":"sprite","r":0,"sx":1,"sy":1,"a":1,"skewX":0,"skewY":0,"linkageClassName":"nb.SetRenderableToFalse","0":{"type":"shape","path":[255,688.6,-307.35,2,545.95,-261,2,808.6,547.35,2,951.25,501,2,688.6,-307.35,2,688.6,-307.35,1,0,39168,33]}},"1":{"x":-15,"y":-5,"name":"ani","type":"nbMovie","r":0,"sx":1,"sy":1,"a":1,"skewX":0,"skewY":0,"0":{"index":1,"0":{"type":"bitmap","libName":"ce038c38.png copy 3","x":955.75,"y":283.9,"r":1.8849702395398713,"sx":1,"sy":1,"skewX":1.8849702395398713,"skewY":1.8849702395398713}},"1":{"index":5,"0":{"x":506.3,"y":271.15,"name":"whiteMc","type":"sprite","r":0,"sx":1,"sy":1,"a":1,"skewX":0,"skewY":0,"0":{"x":196.85,"y":13.45,"w":10.2,"h":48.7,"name":"","type":"text","r":0,"txt":"","a":"left","f":"40px 'Arial'","c":"#00990000"},"1":{"type":"shape","path":[255,-198.15,-214.7,-197.35,-214.6,-196.7,-214.35,3,-196.7,-214.35,-192.7,-212.95,-189.75,-209.55,3,-189.75,-209.55,-188.95,-209.4,-188.2,-209.5,3,-188.2,-209.5,-185.6,-209.75,-183.15,-209.3,3,-183.15,-209.3,-179.45,-208.6,-176.35,-206.3,3,-176.35,-206.3,-175.55,-205.7,-174.4,-206.1,3,-174.4,-206.1,-169.55,-207.65,-165.75,-204.5,3,-165.75,-204.5,-164.55,-203.6,-163.35,-202.7,3,-163.35,-202.7,-162.25,-201.9,-160.95,-201.9,3,-160.95,-201.9,-156.1,-202,-151.15,-202.9,3,-151.15,-202.9,-144.9,-204,-138.85,-202.75,3,-138.85,-202.75,-120.75,-199.05,-103.25,-193.6,3,-103.25,-193.6,-96.4,-191.5,-94.4,-184.05,3,-94.4,-184.05,2,51.8,272.45,55.5,282.25,60.85,291,3,60.85,291,61.9,292.7,63.45,293.85,3,63.45,293.85,72.5,300.8,77.7,311,3,77.7,311,2,79.05,311,2,80.05,309.45,2,105.35,301.7,2,107.4,300.2,2,108.95,300.2,2,123.2,294.3,123.8,279.55,130.75,266.4,3,130.75,266.4,131.8,264.5,133.4,263.1,3,133.4,263.1,148.5,249.85,162.15,235.15,3,162.15,235.15,164.7,232.35,168.1,230.4,3,168.1,230.4,171.1,228.65,174.05,226.85,3,174.05,226.85,175.05,226.25,175.3,225.2,3,175.3,225.2,176.85,218.85,182.5,216,3,182.5,216,184.45,215.05,185.05,213.1,3,185.05,213.1,186,210.35,187.85,208.15,3,187.85,208.15,190,205.65,193.1,204.45,3,193.1,204.45,193.6,204.25,193.8,203.8,3,193.8,203.8,195.15,196.5,201.3,191.9,3,201.3,191.9,2,186,178.35,2,177.7,184.9,176.75,184.6,175.6,184.95,3,175.6,184.95,174.3,185.3,174,186.55,3,174,186.55,172.2,192.4,166.3,194.3,3,166.3,194.3,164.85,194.75,164,196.2,3,164,196.2,160.8,201.7,155.05,204.2,3,155.05,204.2,150.5,206.15,149.25,210.95,3,149.25,210.95,147.95,216.4,141.9,216.5,3,141.9,216.5,131.5,216.65,121.65,219.7,3,121.65,219.7,115.95,221.45,112.4,216.75,3,112.4,216.75,2,-39.45,-252.75,2,-42.65,-252.75,2,-44.45,-260.5,-47.2,-269.1,-51.3,-276.8,3,-51.3,-276.8,-55.3,-284.35,-61.25,-288.25,3,-61.25,-288.25,-63.75,-290,-65.9,-292.2,3,-65.9,-292.2,-70.2,-296.55,-75.3,-295.65,3,-75.3,-295.65,2,-78.5,-299,-79.05,-298.5,-79.65,-298.05,3,-79.65,-298.05,-91.8,-289.1,-105.65,-288,3,-105.65,-288,2,-108.4,-282.85,2,-110.7,-281.45,-112,-276.95,-112.35,-271.9,3,-112.35,-271.9,-113.4,-259.85,-114.45,-247.75,3,-114.45,-247.75,2,-113.05,-247.75,-113.2,-246.3,-113.4,-244.8,3,-113.4,-244.8,-113.5,-242.15,-115.15,-240,3,-115.15,-240,-115.85,-239.05,-116.85,-238.6,3,-116.85,-238.6,-122.6,-235.9,-128.8,-234.3,3,-128.8,-234.3,-131.85,-233.5,-134.65,-232.1,3,-134.65,-232.1,-135.6,-231.6,-136.55,-231.05,3,-136.55,-231.05,-146.2,-225.25,-154.15,-233,3,-154.15,-233,-155.05,-232.65,-155.95,-232.35,3,-155.95,-232.35,-163.3,-229.75,-169.65,-234.2,3,-169.65,-234.2,-176.3,-230.4,-182.85,-234.3,3,-182.85,-234.3,-184.8,-235.4,-187.05,-234.55,3,-187.05,-234.55,-191.8,-232.7,-197,-233.65,3,-197,-233.65,2,-201.35,-215.15,-199.7,-214.95,-198.15,-214.7,3,0.2980392156862745,-1,33,255,-115.55,-290.25,2,-115.9,-290.25,2,-115.9,-290.15,2,-115.55,-290.25,2,-115.55,-290.25,1,0.2980392156862745,-1,33,255,-78.75,-302,2,-78.75,-301.75,2,-78.65,-301.75,2,-78.75,-302,2,-78.75,-302,1,0.2980392156862745,-1,33,255,60.5,301.7,2,61.25,301.7,2,60.55,301.05,2,59.65,300.5,60.05,301.1,60.5,301.7,3,60.5,301.7,2,60.5,301.7,1,0.2980392156862745,-1,33,255,58.75,299.25,2,58.8,299.3,2,58.7,299.2,2,58.75,299.25,2,58.75,299.25,1,0.2980392156862745,-1,33,255,58.75,299.25,2,58.7,299.2,2,58.8,299.3,2,58.8,299.3,1]}},"1":{"x":271.85,"y":62.3,"name":"whiteMask","type":"sprite","r":0,"sx":0.9999847412109375,"sy":1.000030517578125,"a":0,"skewX":0,"skewY":0,"0":{"type":"shape","path":[255,260,0,2,0,0,2,0,650,2,260,650,2,260,0,2,260,0,1,1,26316,33]}},"2":{"type":"bitmap","libName":"17a8a7f4.png","x":730.95,"y":482.75,"r":3.141592653589793,"sx":1,"sy":1,"skewX":3.141592653589793,"skewY":3.141592653589793},"3":{"type":"bitmap","libName":"f2f0e876.png","x":298.6,"y":111.45,"r":3.141592653589793,"sx":1,"sy":1,"skewX":3.141592653589793,"skewY":3.141592653589793},"4":{"type":"bitmap","libName":"ce038c38.png copy 3","x":955.75,"y":283.9,"r":1.8849702395398713,"sx":1,"sy":1,"skewX":1.8849702395398713,"skewY":1.8849702395398713}}},"2":{"x":-15,"y":-5,"name":"bg","type":"sprite","r":0,"sx":1,"sy":1,"a":0.48,"skewX":0,"skewY":0,"0":{"type":"bitmap","libName":"ce038c38.png copy 3","x":954.95,"y":284,"r":1.8849702395398713,"sx":1,"sy":1,"skewX":1.8849702395398713,"skewY":1.8849702395398713}}}