{"type":"sprite","x":0,"y":0,"name":"","0":{"x":401.95,"y":771.45,"name":"containerHitArea","type":"sprite","r":0,"sx":1,"sy":1,"a":1,"skewX":0,"skewY":0,"0":{"type":"shape","path":[255,-25,25,2,25,25,2,25,-25,2,-25,-25,2,-25,25,2,-25,25,1,0,-1,33]}},"1":{"x":349.65,"y":-483.8,"name":"dragArea","type":"sprite","r":0,"sx":1,"sy":1,"a":1,"skewX":0,"skewY":0,"linkageClassName":"nb.SetRenderableToFalse","0":{"type":"shape","path":[255,565.05,125.55,2,565.05,129.45,2,699.6,129.45,2,699.35,354.5,2,862.05,354.5,2,861.35,123.5,2,1209.25,121.1,2,1214.3,457.5,2,1326.3,507.5,2,1319.35,-77.65,2,1229.65,-34.3,2,1198.85,-20.5,2,726.25,-21.3,2,725.5,-261.35,2,565.4,-261.45,2,565.2,-21.6,2,0,-22.6,2,0,129.45,2,565.05,125.55,2,565.05,125.55,1,0.2,3407871,33]}},"2":{"type":"bitmap","libName":"4a47a0db.png copy","x":329.6,"y":262.55,"r":-1.264120810415149,"sx":0.9990692138671875,"sy":0.9990692138671875,"skewX":-1.264120810415149,"skewY":-1.264120810415149},"3":{"x":0,"y":0,"name":"ani","type":"nbMovie","r":0,"sx":1,"sy":1,"a":1,"skewX":0,"skewY":0,"0":{"index":3,"0":{"type":"bitmap","libName":"Bitmap 3","x":200.6,"y":135.35,"r":-1.2566362624875902,"sx":1,"sy":1,"skewX":-1.2566362624875902,"skewY":-1.2566362624875902},"1":{"type":"bitmap","libName":"Bitmap 2","x":637.65,"y":459.25,"r":-1.2566362624875902,"sx":1,"sy":1,"skewX":-1.2566362624875902,"skewY":-1.2566362624875902},"2":{"type":"bitmap","libName":"Bitmap 1","x":31.95,"y":166.75,"r":-1.2566362624875902,"sx":1,"sy":1,"skewX":-1.2566362624875902,"skewY":-1.2566362624875902}},"1":{"index":8,"0":{"x":463.5,"y":777.15,"name":"whiteMask","type":"sprite","r":0,"sx":1.1172332763671875,"sy":1.2106170654296875,"a":0,"skewX":0,"skewY":0,"0":{"type":"shape","path":[255,-280.2,397.95,2,0,397.95,2,0,-397.9,2,-280.2,-397.9,2,-280.2,397.95,2,-280.2,397.95,1,1,26316,33]}},"1":{"type":"bitmap","libName":"f2f0e876.png","x":675.5,"y":426.2,"r":0,"sx":1,"sy":1,"skewX":0,"skewY":0},"2":{"type":"bitmap","libName":"17a8a7f4.png","x":240.25,"y":61.4,"r":0,"sx":1,"sy":1,"skewX":0,"skewY":0},"3":{"type":"bitmap","libName":"98a72fb0.png copy 2","x":3.2,"y":253.1,"r":-1.2566362624875902,"sx":1,"sy":1,"skewX":-1.2566362624875902,"skewY":-1.2566362624875902},"4":{"type":"bitmap","libName":"Bitmap 3","x":200.6,"y":135.35,"r":-1.2566362624875902,"sx":1,"sy":1,"skewX":-1.2566362624875902,"skewY":-1.2566362624875902},"5":{"type":"bitmap","libName":"Bitmap 2","x":637.65,"y":459.25,"r":-1.2566362624875902,"sx":1,"sy":1,"skewX":-1.2566362624875902,"skewY":-1.2566362624875902},"6":{"type":"bitmap","libName":"Bitmap 1","x":31.95,"y":166.75,"r":-1.2566362624875902,"sx":1,"sy":1,"skewX":-1.2566362624875902,"skewY":-1.2566362624875902},"7":{"x":460.5,"y":268.35,"name":"whiteMc","type":"sprite","r":0,"sx":1,"sy":1,"a":1,"skewX":0,"skewY":0,"0":{"type":"shape","path":[255,-176.1,-172.85,-173.25,-172.95,-172.1,-175.7,3,-172.1,-175.7,-172.05,-175.85,-172.05,-175.95,3,-172.05,-175.95,-171.9,-176.65,-171.7,-177.25,3,-171.7,-177.25,-170.4,-180.7,-165.95,-182.25,3,-165.95,-182.25,-165.75,-182.3,-165.55,-182.35,3,-165.55,-182.35,2,-165.4,-182.4,-165.2,-182.45,-165,-182.6,3,-165,-182.6,-162.5,-183.75,-161.15,-186,3,-161.15,-186,-161,-186.3,-160.85,-186.7,3,-160.85,-186.7,-160.75,-186.8,-160.7,-186.95,3,-160.7,-186.95,-159.2,-190.45,-154.15,-192.25,3,-154.15,-192.25,-150.2,-194.2,-149.05,-197.9,3,-149.05,-197.9,-148.15,-203,-144.6,-203.6,3,-144.6,-203.6,-140.6,-204.4,-140.35,-204.35,3,-140.35,-204.35,-134.45,-203.95,-120.9,-208.15,3,-120.9,-208.15,-114.4,-209.35,-111.5,-204.75,3,-111.5,-204.75,2,-64.8,-59.8,2,-64.65,-59.8,2,43.35,274,46.9,282.25,51.85,287.8,3,51.85,287.8,52.6,288.55,53.2,289.25,3,53.2,289.25,54.35,290.2,55.35,291.15,3,55.35,291.15,56.4,292.15,57.45,293.25,3,57.45,293.25,2,58.15,293.65,60,294.45,61.7,295.6,3,61.7,295.6,2,65.3,296.35,65.35,296.6,65.4,296.8,3,65.4,296.8,2,70.45,299.35,2,73,299.8,73.55,299.7,74.2,299.55,3,74.2,299.55,2,77.4,302,89.8,294.8,104.55,294,3,104.55,294,2,107.3,290.25,2,109.4,289.45,2,109.6,289.25,110.2,287.55,110.9,285.85,3,110.9,285.85,110.9,285.75,110.9,285.7,3,110.9,285.7,110.95,283.2,112.25,281.35,3,112.25,281.35,2,113.85,256.75,114.95,250.8,119.7,249.1,3,119.7,249.1,120.35,248.9,121.05,248.75,3,121.05,248.75,133.1,246.6,142.55,240.8,3,142.55,240.8,150.6,239.7,155.05,245,3,155.05,245,162.15,241.75,168.2,244.8,3,168.2,244.8,169.35,245.4,170.55,246.2,3,170.55,246.2,178.1,242.45,182.75,246.1,3,182.75,246.1,183.25,246.35,183.6,246.55,3,183.6,246.55,185.2,247.3,186.9,246.6,3,186.9,246.6,187.35,246.45,187.8,246.15,3,187.8,246.15,191.55,244.6,197.9,245.65,3,197.9,245.65,2,202.25,227.15,195.25,226.9,191.9,222.7,3,191.9,222.7,191.7,222.4,191.45,222.15,3,191.45,222.15,191.35,222.05,191.3,221.95,3,191.3,221.95,190.1,220.9,188.05,221.35,3,188.05,221.35,187.7,221.4,187.3,221.5,3,187.3,221.5,182.4,222.7,179.5,219.4,3,179.5,219.4,176.85,216.9,173.4,217.85,3,173.4,217.85,168,220.1,164.5,214.4,3,164.5,214.4,162,212.65,158.8,213.7,3,158.8,213.7,152.15,216.15,145.25,215.35,3,145.25,215.35,142.55,215,139.85,214.25,3,139.85,214.25,2,104.65,208.35,99.6,206.85,96.05,198.2,3,96.05,198.2,95.65,197.1,95.3,196.05,3,95.3,196.05,2,6.05,-82.55,2,6.1,-82.55,2,-50.9,-260.45,-57.8,-277.55,-62.2,-282.3,3,-62.2,-282.3,-72.7,-290,-76.8,-299,3,-76.8,-299,2,-78.15,-299,2,-79.15,-297.45,2,-81.75,-296.45,-83.8,-296.2,-85.7,-295.5,3,-85.7,-295.5,-91.15,-293.45,-96.7,-292.8,3,-96.7,-292.8,-96.7,-292.55,-96.8,-292.5,3,-96.8,-292.5,-99,-291.55,-100.9,-290.5,3,-100.9,-290.5,-102.5,-289.65,-104.45,-289.7,3,-104.45,-289.7,2,-106.5,-288.2,2,-108.05,-288.2,-108.3,-287.95,-108.6,-287.75,3,-108.6,-287.75,-114.95,-283.85,-122.3,-282.3,3,-122.3,-282.3,-121.9,-271.9,-126.65,-262.9,3,-126.65,-262.9,-128.45,-253.4,-135.2,-247.65,3,-135.2,-247.65,-135.8,-247.2,-136.4,-246.75,3,-136.4,-246.75,2,-136.7,-246.35,-151.1,-234.85,-159.9,-224.85,3,-159.9,-224.85,-160.4,-224.35,-160.9,-223.75,3,-160.9,-223.75,2,-161.3,-223.2,-161.6,-222.95,-161.85,-222.65,3,-161.85,-222.65,-166.55,-217.85,-169.65,-216.85,3,-169.65,-216.85,-169.85,-216.75,-170.1,-216.7,3,-170.1,-216.7,-170.55,-216.6,-170.9,-216.45,3,-170.9,-216.45,-174.65,-215.15,-175.75,-211.85,3,-175.75,-211.85,-175.8,-211.5,-175.95,-211.15,3,-175.95,-211.15,2,-175.95,-210.95,-177.2,-205.6,-180.9,-204.3,3,-180.9,-204.3,-181.25,-204.15,-181.6,-204,3,-181.6,-204,-184.45,-202.65,-185.05,-200.1,3,-185.05,-200.1,-185.1,-199.7,-185.15,-199.35,3,-185.15,-199.35,-185.95,-195.35,-189.85,-193.75,3,-189.85,-193.75,-190.6,-193.55,-191.1,-193.35,3,-191.1,-193.35,-193.85,-192.3,-193.85,-189.55,3,-193.85,-189.55,-193.85,-189.45,-193.8,-189.2,3,-193.8,-189.2,-193.8,-189.1,-193.8,-188.95,3,-193.8,-188.95,-193.8,-185.85,-200.4,-179.9,3,-200.4,-179.9,2,-185.1,-166.35,-180.65,-172.4,-176.8,-172.9,3,-176.8,-172.9,-176.4,-172.85,-176.1,-172.85,3,0.2980392156862745,-1,33,255,-114.65,-290.25,2,-115,-290.25,2,-115,-290.15,2,-114.65,-290.25,2,-114.65,-290.25,1,0.2980392156862745,-1,33,255,-77.85,-302,2,-77.85,-301.75,2,-77.75,-301.75,2,-77.85,-302,2,-77.85,-302,1,0.2980392156862745,-1,33,255,59.4,295.25,2,60.15,295.25,2,59.45,294.75,2,58.55,294.35,58.95,294.8,59.4,295.25,3,59.4,295.25,2,59.4,295.25,1,0.2980392156862745,-1,33,255,68.45,298.95,2,69.75,299.2,2,65.6,297.4,65.6,297.45,65.65,297.5,3,65.65,297.5,67.1,298.15,68.45,298.95,3,0.2980392156862745,-1,33]}}}},"4":{"x":369.2,"y":232.3,"name":"clamp","type":"sprite","r":-1.2615852147412845,"sx":1,"sy":1,"a":1,"skewX":-1.2615852147412845,"skewY":-1.2615852147412845,"0":{"type":"bitmap","libName":"fb5c81ed.png copy","x":-40.5,"y":-28,"r":0,"sx":1,"sy":1,"skewX":0,"skewY":0}},"5":{"type":"bitmap","libName":"4a47a0db.png copy 2","x":284.6,"y":136.8,"r":0,"sx":1.0999755859375,"sy":1,"skewX":0,"skewY":0},"6":{"type":"bitmap","libName":"铁杆.png","x":393,"y":-468,"r":0,"sx":0.499969482421875,"sy":0.49993896484375,"skewX":0,"skewY":0},"7":{"type":"bitmap","libName":"底座.png","x":276,"y":733,"r":0,"sx":0.5,"sy":0.502288818359375,"skewX":0,"skewY":0},"8":{"x":478.35,"y":187.5,"name":"bg","type":"sprite","r":0,"sx":1,