{"type":"sprite","x":0,"y":0,"name":"","0":{"x":401.95,"y":771.45,"name":"containerHitArea","type":"sprite","r":0,"sx":1,"sy":1,"a":1,"skewX":0,"skewY":0,"0":{"type":"shape","path":[255,25,-25,2,-25,-25,2,-25,25,2,25,25,2,25,-25,2,25,-25,1,0,-1,33]}},"1":{"x":349.65,"y":-483.8,"name":"dragArea","type":"sprite","r":0,"sx":1,"sy":1,"a":1,"skewX":0,"skewY":0,"linkageClassName":"nb.SetRenderableToFalse","0":{"type":"shape","path":[255,565.05,124.05,2,565.05,127.95,2,699.55,127.95,2,699.35,353,2,862.05,353,2,861.3,122,2,1209.25,119.6,2,1214.3,456,2,1326.3,506,2,1319.35,-79.15,2,1229.65,-35.8,2,1198.85,-22,2,726.2,-22.85,2,725.5,-262.85,2,565.4,-262.95,2,565.2,-23.1,2,0,-24.1,2,0,127.95,2,565.05,124.05,2,565.05,124.05,1,0.2,3407871,33]}},"2":{"type":"bitmap","libName":"4a47a0db.png copy","x":329.6,"y":262.55,"r":-1.264120810415149,"sx":0.9990692138671875,"sy":0.9990692138671875,"skewX":-1.264120810415149,"skewY":-1.264120810415149},"3":{"x":0,"y":0,"name":"ani","type":"nbMovie","r":0,"sx":1,"sy":1,"a":1,"skewX":0,"skewY":0,"0":{"index":3,"0":{"type":"bitmap","libName":"Bitmap 6","x":619.1,"y":450.3,"r":-1.2566362624875902,"sx":1,"sy":1,"skewX":-1.2566362624875902,"skewY":-1.2566362624875902},"1":{"type":"bitmap","libName":"Bitmap 5","x":183.05,"y":126.85,"r":-1.2566362624875902,"sx":1,"sy":1,"skewX":-1.2566362624875902,"skewY":-1.2566362624875902},"2":{"type":"bitmap","libName":"Bitmap 4","x":29.05,"y":164.05,"r":-1.2566362624875902,"sx":1,"sy":1,"skewX":-1.2566362624875902,"skewY":-1.2566362624875902}},"1":{"index":7,"0":{"x":441.2,"y":260.3,"name":"whiteMc","type":"sprite","r":0,"sx":1,"sy":1,"a":1,"skewX":0,"skewY":0,"0":{"type":"shape","path":[255,-186,-166.35,2,-177.7,-172.9,-176.75,-172.6,-175.6,-172.95,3,-175.6,-172.95,-174.3,-173.3,-174,-174.55,3,-174,-174.55,-172.2,-180.4,-166.3,-182.3,3,-166.3,-182.3,-164.85,-182.75,-164,-184.2,3,-164,-184.2,-160.8,-189.7,-155.05,-192.2,3,-155.05,-192.2,-150.5,-194.15,-149.25,-198.95,3,-149.25,-198.95,-147.95,-204.4,-141.9,-204.5,3,-141.9,-204.5,-131.5,-204.65,-121.65,-207.7,3,-121.65,-207.7,-115.95,-209.45,-112.4,-204.75,3,-112.4,-204.75,2,39.45,264.75,2,42.6,264.75,2,44.45,272.5,47.2,281.1,51.3,288.8,3,51.3,288.8,55.3,296.35,61.25,300.25,3,61.25,300.25,63.75,302,65.9,304.2,3,65.9,304.2,70.2,308.55,75.3,307.65,3,75.3,307.65,2,78.5,311,79.05,310.5,79.65,310.05,3,79.65,310.05,91.8,301.1,105.65,300,3,105.65,300,2,108.4,294.85,2,110.7,293.45,112,288.95,112.35,283.9,3,112.35,283.9,113.4,271.85,114.45,259.75,3,114.45,259.75,2,113.05,259.75,113.220703125,258.275,113.4,256.8,3,113.4,256.8,113.5,254.15,115.15,252,3,115.15,252,115.85,251.05,116.85,250.6,3,116.85,250.6,122.6,247.9,128.8,246.3,3,128.8,246.3,131.849609375,245.5189453125,134.65,244.1,3,134.65,244.1,135.61484375,243.613671875,136.55,243.05,3,136.55,243.05,146.2,237.25,154.15,245,3,154.15,245,155.05,244.65,155.95,244.35,3,155.95,244.35,163.3,241.75,169.65,246.2,3,169.65,246.2,176.3,242.4,182.85,246.3,3,182.85,246.3,184.8,247.4,187.05,246.55,3,187.05,246.55,191.8,244.7,197,245.65,3,197,245.65,2,201.35,227.15,199.7,226.95,198.15,226.7,3,198.15,226.7,197.35,226.6,196.7,226.35,3,196.7,226.35,192.7,224.95,189.75,221.55,3,189.75,221.55,188.95,221.4,188.2,221.5,3,188.2,221.5,185.6,221.75,183.15,221.3,3,183.15,221.3,179.45,220.6,176.35,218.3,3,176.35,218.3,175.55,217.7,174.4,218.1,3,174.4,218.1,169.55,219.65,165.75,216.5,3,165.75,216.5,164.55,215.6,163.35,214.7,3,163.35,214.7,162.25,213.9,160.95,213.9,3,160.95,213.9,156.1,214,151.15,214.9,3,151.15,214.9,144.9,216,138.85,214.75,3,138.85,214.75,120.75,211.05,103.25,205.6,3,103.25,205.6,96.4,203.5,94.4,196.05,3,94.4,196.05,2,-51.8,-260.45,-55.5,-270.25,-60.85,-279,3,-60.85,-279,-61.9,-280.7,-63.45,-281.85,3,-63.45,-281.85,-72.5,-288.8,-77.7,-299,3,-77.7,-299,2,-79.05,-299,2,-80.05,-297.45,2,-105.35,-289.7,2,-107.4,-288.2,2,-108.95,-288.2,2,-123.2,-282.3,-123.8,-267.55,-130.75,-254.4,3,-130.75,-254.4,-131.8,-252.5,-133.4,-251.1,3,-133.4,-251.1,-148.5,-237.85,-162.15,-223.15,3,-162.15,-223.15,-164.7,-220.35,-168.1,-218.4,3,-168.1,-218.4,-171.1,-216.65,-174.05,-214.85,3,-174.05,-214.85,-175.05,-214.25,-175.3,-213.2,3,-175.3,-213.2,-176.85,-206.85,-182.5,-204,3,-182.5,-204,-184.45,-203.05,-185.05,-201.1,3,-185.05,-201.1,-186,-198.35,-187.85,-196.15,3,-187.85,-196.15,-190,-193.65,-193.1,-192.45,3,-193.1,-192.45,-193.6,-192.25,-193.8,-191.8,3,-193.8,-191.8,-195.15,-184.5,-201.3,-179.9,3,-201.3,-179.9,2,-186,-166.35,2,-186,-166.35,1,0.2980392156862745,-1,33,255,-115.55,-290.25,2,-115.9,-290.25,2,-115.9,-290.15,2,-115.55,-290.25,2,-115.55,-290.25,1,0.2980392156862745,-1,33,255,-78.75,-302,2,-78.75,-301.75,2,-78.65,-301.75,2,-78.75,-302,2,-78.75,-302,1,0.2980392156862745,-1,33,255,60.5,301.7,2,61.25,301.7,2,60.55,301.05,2,59.65,300.5,60.05,301.1,60.5,301.7,3,60.5,301.7,2,60.5,301.7,1,0.2980392156862745,-1,33,255,58.75,299.25,2,58.8,299.3,2,58.7,299.2,2,58.75,299.25,2,58.75,299.25,1,0.2980392156862745,-1,33,255,58.75,299.25,2,58.7,299.2,2,58.8,299.3,2,58.8,299.3,1]}},"1":{"x":472.45,"y":778.95,"name":"whiteMask","type":"sprite","r":0,"sx":1.1172332763671875,"sy":1.2106170654296875,"a":1,"skewX":0,"skewY":0,"0":{"type":"shape","path":[255,-280.2,-397.9,2,-280.2,397.95,2,0,397.95,2,0,-397.9,2,-280.2,-397.9,2,-280.2,-397.9,1,1,26316,33]}},"2":{"type":"bitmap","libName":"17a8a7f4.png","x":223.5,"y":53.3,"r":0,"sx":1,"sy":1,"skewX":0,"skewY":0},"3":{"type":"bitmap","libName":"f2f0e876.png","x":656,"y":423.1,"r":0,"sx":1,"sy":1,"skewX":0,"skewY":0},"4":{"type":"bitmap","libName":"Bitmap 6","x":619.1,"y":450.3,"r":-1.2566362624875902,"sx":1,"sy":1,"skewX":-1.2566362624875902,"skewY":-1.2566362624875902},"5":{"type":"bitmap","libName":"Bitmap 5","x":183.05,"y":126.85,"r":-1.2566362624875902,"sx":1,"sy":1,"skewX":-1.2566362624875902,"skewY":-1.2566362624875902},"6":{"type":"bitmap","libName":"Bitmap 4","x":29.05,"y":164.05,"r":-1.2566362624875902,"sx":1,"sy":1,"skewX":-1.2566362624875902,"skewY":-1.2566362624875902}}},"4":{"x":369.2,"y":232.3,"name":"clamp","type":"sprite","r":-1.2615852147412845,"sx":1,"sy":1,"a":1,"skewX":-1.2615852147412845,"skewY":-1.2615852147412845,"0":{"type":"bitmap","libName":"fb5c81ed.png copy","x":-40.5,"y":-28,"r":0,"sx":1,"sy":1,"skewX":0,"skewY":0}},"5":{"type":"bitmap","libName":"4a47a0db.png copy 2","x":284.6,"y":136.8,"r":0,"sx":1.0999755859375,"sy":1,"skewX":0,"skewY":0},"6":{"type":"bitmap","libName":"铁杆.png","x":393,"y":-468,"r":0,"sx":0.499969482421875,"sy":0.49993896484375,"skewX":0,"skewY":0},"7":{"type":"bitmap","libName":"底座.png","x":276,"y":733,"r":0,"sx":0.5,"sy":0.502288818359375,"skewX":0,"skewY":0},"8":{"x":476.35,"y":187.5,"name":"bg","type":"sprite","r":0,"sx":1,"sy":1,"a":0,"skewX":0,"skewY":0,"0":{"type":"bitmap","libName":"Bitmap 6","x":140.3,"y":262.1,"r":-1.2566362624875902,"sx":1,"sy":1,"skewX":-1.2566362624875902,"skewY":-1.2566362624875902},"1":{"type":"bitmap","libName":"Bitmap 5","x":-295.75,"y":-61.35,"r":-1.2566362624875902,"sx":1,"sy":1,"skewX":-1.2566362624875902,"skewY":-1.2566362624875902},"2":{"type":"bitmap","libName":"Bitmap 4","x":-449.75,"y":-24.15,"r":-1.2566362624875902,"sx":1,"sy":1,"skewX":-1.2566362624875902,"skewY":-1.2566362624875902},"3":{"type":"bitmap","libName":"铁杆.png","x":-83.35,"y":-655.5,"r":0,"sx":0.499969482421875,"sy":0.49993896484375,"skewX":0,"skewY":0},"4":{"type":"bitmap","libName":"底座.png","x":-200.35,"y":545.5,"r":0,"sx":0.5,"sy":0.502288818359375,"skewX":0,"skewY":0}}}