{"type":"sprite","x":0,"y":0,"name":"","0":{"x":-330,"y":-418,"name":"flour","type":"sprite","r":0,"sx":1,"sy":1,"a":1,"skewX":0,"skewY":0,"linkageClassName":"nb.setAllowGetBoundsToFalse","0":{"type":"shape","path":[255,8.65,613.4,2,21.25,643.9,2,50.2,660,2,841.85,659.15,2,852.75,497.75,2,854.65,339.35,2,850.9,172.35,2,841.5,0.9,2,46,0,2,21.6,10.95,2,8.15,26.55,2,0,337.5,2,8.65,613.4,2,8.65,613.4,1,0.8,-2697514,33]}},"1":{"x":-0.05,"y":0,"name":"border","type":"sprite","r":0,"sx":1,"sy":1,"a":1,"skewX":0,"skewY":0,"linkageClassName":"nb.SetRenderableToFalse","0":{"type":"shape","path":[255,-392.85,301,2,-385.65,317.95,2,-367,326.05,2,424.75,325.5,2,433.35,171.2,2,438.55,-18.85,2,434.7,-186.7,2,424.7,-329.85,2,-375.85,-329.5,2,-385.35,-326,2,-391.3,-316.45,2,-392.85,301,2,-392.85,301,1,1,16777215,33]}},"2":{"x":0,"y":440,"name":"bigBox","type":"sprite","r":0,"sx":1,"sy":1,"a":1,"skewX":0,"skewY":0,"0":{"x":0,"y":-280,"name":"bg","type":"nbMovie","r":0,"sx":1,"sy":1,"a":1,"skewX":0,"skewY":0,"0":{"index":1,"0":{"type":"bitmap","libName":"开门.png","x":-344.5,"y":-600,"r":0,"sx":0.8527069091796875,"sy":0.85272216796875,"skewX":0,"skewY":0}},"1":{"index":1,"0":{"type":"bitmap","libName":"关门.png","x":-344.5,"y":-600,"r":0,"sx":0.8527069091796875,"sy":0.85272216796875,"skewX":0,"skewY":0}}},"1":{"type":"bitmap","libName":"管.png","x":-298.6,"y":-29.05,"r":3.141592653589793,"sx":0.683746337890625,"sy":0.5,"skewX":3.141592653589793,"skewY":3.141592653589793}},"3":{"x":-299.6,"y":275.4,"name":"littleBox","type":"sprite","r":0,"sx":1,"sy":1,"a":1,"skewX":0,"skewY":0,"0":{"x":1.3,"y":142.25,"name":"capacity","type":"sprite","r":0,"sx":1,"sy":1,"a":1,"skewX":0,"skewY":0,"0":{"type":"shape","path":[255,-90.75,49.45,2,-84.45,61.05,-79.1,74.8,-82.15,83.75,3,-82.15,83.75,-85.65,98.1,-82.1,104.7,3,-82.1,104.7,2,-5.2,104.85,2,-2.9,100.3,2,-1.35,94.9,2,-0.5,87.45,2,0,32.45,2,-0.75,18.4,2,-2.25,9.9,2,-5.2,0,2,-90,0,-78.25,15.25,-83.55,22.65,3,-83.55,22.65,-94.45,36.7,-90.75,49.45,3,-90.75,49.45,2,-90.75,49.45,1,1,16777215,33]}},"1":{"type":"shape","path":[255,140.7,19.7,2,139.25,11.2,2,136.3,1.3,2,96.55,1.3,2,96.55,106.15,2,136.3,106.15,2,138.6,101.6,2,140.1,96.15,2,140.95,88.7,2,141.45,33.7,2,140.7,19.7,2,140.7,19.7,1,0,255,1,32]},"2":{"type":"bitmap","libName":"0c90e3ff.png","x":0,"y":0,"r":0,"sx":1,"sy":1,"skewX":0,"skewY":0}}}