{"type":"sprite","x":0,"y":0,"name":"","0":{"x":-170,"y":-300,"name":"main","type":"sprite","r":0,"sx":1,"sy":1,"a":1,"skewX":0,"skewY":0,"0":{"type":"bitmap","libName":"盐桥.png","x":340,"y":600,"r":3.141592653589793,"sx":0.5,"sy":0.5,"skewX":3.141592653589793,"skewY":3.141592653589793}}}