{"type":"sprite","x":0,"y":0,"name":"GasTailGlassCatheter","0":{"type":"bitmap","libName":"Bitmap 2","x":0,"y":0,"r":0,"sx":1,"sy":1,"skewX":0,"skewY":0},"1":{"x":133.75,"y":253.25,"name":"dripArea","type":"sprite","r":1.0122952272144552,"sx":0.340576171875,"sy":0.411865234375,"a":1,"skewX":1.0123173314515028,"skewY":1.0122952272144552,"0":{"type":"shape","path":[255,11.15,-15.55,2,-11.15,-15.55,2,-11.15,15.55,2,11.15,15.55,2,11.15,-15.55,2,11.15,-15.55,1,0,-65536,33]}}}