{"type":"sprite","x":0,"y":0,"name":"GasTailGlassCatheter","0":{"type":"bitmap","libName":"Bitmap 3","x":2.2,"y":3.95,"r":0,"sx":1,"sy":1,"skewX":0,"skewY":0},"1":{"x":59.95,"y":408.45,"name":"dripArea","type":"sprite","r":2.094381520271636,"sx":0.340576171875,"sy":0.411865234375,"a":1,"skewX":2.0943929718643233,"skewY":2.094381520271636,"0":{"type":"shape","path":[255,11.15,-15.55,2,-11.15,-15.55,2,-11.15,15.55,2,11.15,15.55,2,11.15,-15.55,2,11.15,-15.55,1,0,-65536,33]}}}