{"type":"sprite","x":0,"y":0,"name":"","0":{"x":140,"y":38,"name":"stirBtn","type":"sprite","r":0,"sx":1,"sy":1,"a":1,"skewX":0,"skewY":0,"0":{"x":-34.35,"y":-24.4,"w":68.65,"h":48.8,"name":"txt","type":"text","r":0,"txt":"搅拌","a":"center","f":"32px 'Arial'","c":"#FFFFFF"},"1":{"type":"shape","path":[255,-25.9,60,2,25.9,60,38,60,38,53.65,3,38,53.65,2,38,-53.6,38,-60,25.9,-60,3,25.9,-60,2,-25.9,-60,-38,-60,-38,-53.6,3,-38,-53.6,2,-38,53.65,-38,60,-25.9,60,3,1,4500460,33]}},"1":{"x":17.85,"y":348.1,"name":"refA","type":"sprite","r":0,"sx":1,"sy":1,"a":1,"skewX":0,"skewY":0},"2":{"x":45.9,"y":205.45,"name":"","type":"sprite","r":1.5707047140533978,"sx":1,"sy":1,"a":1,"skewX":1.5707047140533978,"skewY":1.5707047140533978,"linkageClassName":"nb.pourLiquidIn|nb.SetRenderableToFalse","0":{"type":"bitmap","libName":"nb.pourLiquidImg","x":-17.5,"y":-17.5,"r":0,"sx":1,"sy":1,"skewX":0,"skewY":0}},"3":{"x":45.25,"y":497.2,"name":"hitHead","type":"sprite","r":0,"sx":1,"sy":1,"a":0,"skewX":0,"skewY":0,"0":{"type":"shape","path":[255,1.6,0,2,0,0,2,0,3,2,1.6,3,2,1.6,0,2,1.6,0,1,1,4539717,33]}},"4":{"x":41.05,"y":416.35,"name":"head","type":"sprite","r":0,"sx":1,"sy":1,"a":0,"skewX":0,"skewY":0,"0":{"type":"shape","path":[255,0,0,2,0,12.5,2,83.85,12.5,2,83.85,0,2,0,0,2,0,0,1,1,4539717,33]}},"5":{"x":47.35,"y":0,"name":"bg","type":"sprite","r":0,"sx":1,"sy":1,"a":1,"skewX":0,"skewY":0,"0":{"type":"bitmap","libName":"3f838f76.png copy 2","x":5.95,"y":0,"r":1.5707047140533978,"sx":1,"sy":1,"skewX":1.5707047140533978,"skewY":1.5707047140533978}},"6":{"x":46.15,"y":265.9,"name":"","type":"sprite","r":1.5707047140533978,"sx":0.66595458984375,"sy":1,"a":1,"skewX":1.5707047140533978,"skewY":1.5707047140533978,"linkageClassName":"nb.SetRenderableToFalse|nb.setAllowGetBoundsToFalse","0":{"type":"bitmap","libName":"Bitmap 1","x":-396,"y":-46.1,"r":0,"sx":0.938568115234375,"sy":0.85369873046875,"skewX":0,"skewY":0}}}