{"type":"sprite","x":0,"y":0,"name":"","0":{"x":-122.4,"y":-203.65,"name":"chooseArea","type":"sprite","r":0,"sx":1,"sy":1,"a":0,"skewX":0,"skewY":0,"0":{"x":0,"y":0,"name":"area0","type":"sprite","r":0,"sx":1,"sy":1,"a":1,"skewX":0,"skewY":0,"0":{"type":"shape","path":[255,90.05,0,2,0,0,2,0,60,2,90.05,60,2,90.05,0,2,90.05,0,1,1,14202182,33]}}},"1":{"x":146.05,"y":696.05,"name":"rightMask","type":"sprite","r":0,"sx":1,"sy":1,"a":0,"skewX":0,"skewY":0,"0":{"type":"shape","path":[255,-753.15,0,2,-753.15,35,2,0,35,2,0,0,2,-753.15,0,2,-753.15,0,1,1,16737894,33]}},"2":{"x":-104.35,"y":696.05,"name":"leftMask","type":"sprite","r":0,"sx":1,"sy":1,"a":0,"skewX":0,"skewY":0,"0":{"type":"shape","path":[255,-753.15,0,2,-753.15,35,2,0,35,2,0,0,2,-753.15,0,2,-753.15,0,1,1,16737894,33]}},"3":{"x":150.85,"y":-75.95,"name":"rightSwitch","type":"nbMovie","r":0,"sx":1,"sy":1,"a":1,"skewX":0,"skewY":0,"0":{"index":1,"0":{"type":"bitmap","libName":"90a7c2af.png","x":53.4,"y":-7.35,"r":0,"sx":0.8527679443359375,"sy":0.9148712158203125,"skewX":0,"skewY":3.141592653589793}},"1":{"index":1,"0":{"type":"bitmap","libName":"37460b0f.png","x":58.95,"y":-9.95,"r":0,"sx":0.9572906494140625,"sy":1.027679443359375,"skewX":0,"skewY":3.141592653589793}}},"4":{"x":-119.55,"y":-76.45,"name":"leftSwitch","type":"nbMovie","r":0,"sx":1,"sy":1,"a":1,"skewX":0,"skewY":0,"0":{"index":1,"0":{"type":"bitmap","libName":"90a7c2af.png","x":-17.95,"y":-11.5,"r":0,"sx":1.0519256591796875,"sy":1.0522308349609375,"skewX":0,"skewY":0}},"1":{"index":1,"0":{"type":"bitmap","libName":"37460b0f.png","x":-17.05,"y":-10.85,"r":0,"sx":1.040740966796875,"sy":1.038238525390625,"skewX":0,"skewY":0}}},"5":{"x":422.5,"y":701.15,"name":"powerLight","type":"nbMovie","r":0,"sx":1,"sy":1,"a":1,"skewX":0,"skewY":0,"0":{"index":1,"0":{"type":"bitmap","libName":"37460b0f.png 副本","x":0,"y":0,"r":0,"sx":1.131439208984375,"sy":1.131439208984375,"skewX":0,"skewY":0}},"1":{"index":1,"0":{"type":"bitmap","libName":"90a7c2af.png 副本","x":0,"y":0,"r":0,"sx":1.131439208984375,"sy":1.131439208984375,"skewX":0,"skewY":0}}},"6":{"x":311.35,"y":703.9,"name":"powerSwitch","type":"nbMovie","r":0,"sx":1,"sy":1,"a":1,"skewX":0,"skewY":0,"0":{"index":1,"0":{"type":"bitmap","libName":"b96cc9bb.png","x":0,"y":0,"r":0,"sx":1.131439208984375,"sy":1.131439208984375,"skewX":0,"skewY":0}},"1":{"index":1,"0":{"type":"bitmap","libName":"04039583.png","x":0,"y":0,"r":0,"sx":1.131439208984375,"sy":1.131439208984375,"skewX":0,"skewY":0}}},"7":{"x":499.15,"y":734.95,"name":"capacityBorder","type":"sprite","r":0,"sx":1,"sy":1,"a":1,"skewX":0,"skewY":0,"0":{"type":"shape","path":[255,-1020.95,-433.65,2,-992.1,-438.35,2,-984.9,-435.8,2,-975.3,-423.15,2,-963,-411.05,2,-946.4,-402.2,2,-930.5,-398.7,2,-908.75,-398.75,2,-889.7,-405.6,2,-872.25,-418.15,2,-860.15,-435.85,2,-854.25,-448.15,2,-847,-452.6,2,-660.5,-452.6,2,-660.5,-452.65,2,-480.45,-452.65,2,-480.45,-452.7,2,-222.6,-452.75,2,-222.6,-452.8,2,-134.5,-452.8,2,-134.5,-452.9,2,-121.15,-452.9,2,-120.95,-350.15,2,-284.45,-349.55,2,-284.45,-349.4,2,-382.5,-349.25,2,-382.5,-349.2,2,-462.5,-349.15,2,-462.5,-349.15,2,-664.5,-349.1,2,-664.5,-349.05,2,-706.55,-349.05,2,-706.55,-348.9,2,-720.2,-348.85,2,-754.15,-342.8,2,-906.95,-339.9,2,-906.9,-332.05,2,-776.8,-329.85,2,-776.9,-329.8,2,-745.7,-327.65,2,-711.8,-324.05,2,-706.55,-324,2,-706.55,-323.85,2,-660.5,-323.8,2,-660.5,-323.85,2,-532.45,-323.8,2,-532.45,-323.75,2,-462.5,-323.75,2,-462.5,-323.7,2,-382.5,-323.65,2,-382.5,-323.6,2,-284.45,-323.45,2,-284.45,-323.25,2,-24.45,-322.05,2,-24.5,-349.1,2,-98.55,-349.2,2,-99.15,-570.75,2,-23.75,-571.2,2,-23.6,-598.3,2,-284.45,-597.3,2,-284.45,-597.1,2,-382.5,-596.95,2,-382.5,-596.9,2,-462.5,-596.85,2,-462.5,-596.85,2,-664.5,-596.8,2,-664.5,-596.75,2,-706.55,-596.75,2,-706.55,-596.6,2,-717.1,-596.55,2,-754.9,-590.9,2,-777.25,-591.45,2,-906.5,-588.9,2,-906.4,-581.1,2,-779.05,-578.5,2,-779.05,-578.55,2,-749.15,-577.1,2,-714.25,-573.15,2,-706.55,-573.1,2,-706.55,-572.85,2,-660.5,-572.8,2,-660.5,-572.85,2,-532.45,-572.8,2,-532.45,-572.75,2,-462.5,-572.75,2,-462.5,-572.7,2,-382.5,-572.65,2,-382.5,-572.6,2,-284.45,-572.45,2,-284.45,-572.25,2,-120.05,-571.4,2,-120.2,-468.4,2,-284.45,-467.8,2,-284.45,-467.65,2,-382.5,-467.55,2,-382.5,-467.5,2,-462.5,-467.45,2,-462.5,-467.45,2,-664.5,-467.4,2,-664.5,-467.35,2,-711,-467.35,2,-711,-467.15,2,-845.15,-466.7,2,-854.1,-471.15,2,-862.9,-489.8,2,-875.35,-504.75,2,-896.7,-518.25,2,-922.5,-521.95,2,-946.1,-518.25,2,-965.35,-507.3,2,-976.8,-494.3,2,-990,-480.95,2,-1021.05,-486.05,2,-1029.75,-492.6,2,-1033.85,-490.3,2,-1033.55,-430.4,2,-1029.85,-427.8,2,-1025.6,-429.8,2,-1020.95,-433.65,2,-1020.95,-433.65,1,0.34901960784313724,39423,33]}},"8":{"x":73.4,"y":696.05,"name":"liquidCenter","type":"sprite","r":0,"sx":1,"sy":1,"a":1,"skewX":0,"skewY":0,"0":{"type":"shape","path":[255,-871.5,-138,2,-871.5,70.5,2,0,70.5,2,0,-138,2,-871.5,-138,2,-871.5,-138,1,0.2,-1,33]}},"9":{"x":-63.5,"y":696.05,"name":"liquidLeft","type":"sprite","r":0,"sx":1,"sy":1,"a":1,"skewX":0,"skewY":0,"0":{"type":"shape","path":[255,-753.15,0,2,0,0,2,0,-44.05,2,-753.15,-44.05,2,-753.15,0,2,-753.15,0,1,0.2,-1,33]}},"10":{"x":182.45,"y":694.95,"name":"liquidRight","type":"sprite","r":0,"sx":1,"sy":1,"a":1,"skewX":0,"skewY":0,"0":{"type":"shape","path":[255,-753.15,0.05,2,0,0.05,2,0,-38.5,2,-753.15,-38.5,2,-753.15,0.05,2,-753.15,0.05,1,0.2,-1,33]}},"11":{"x":187.4,"y":-58.1,"name":"liquidRightTop","type":"sprite","r":0,"sx":1,"sy":1,"a":1,"skewX":0,"skewY":0,"0":{"type":"shape","path":[255,-119.05,-44.05,2,-119.05,0,2,0.05,0,2,0.05,-44.05,2,-119.05,-44.05,2,-119.05,-44.05,1,0.2,-1,33]}},"12":{"x":-64.5,"y":-57.55,"name":"liquidLeftTop","type":"sprite","r":0,"sx":1,"sy":1,"a":1,"skewX":0,"skewY":0,"0":{"type":"shape","path":[255,-119.05,-44.05,2,-119.05,0,2,0.05,0,2,0.05,-44.05,2,-119.05,-44.05,2,-119.05,-44.05,1,0.2,-1,33]}},"13":{"type":"bitmap","libName":"Bitmap 6","x":-51.5,"y":580.7,"r":0,"sx":1,"sy":1,"skewX":0,"skewY":0},"14":{"type":"bitmap","libName":"Bitmap 5","x":-112.4,"y":-183.95,"r":0,"sx":1,"sy":1,"skewX":0,"skewY":0},"15":{"type":"bitmap","libName":"Bitmap 4","x":130.45,"y":-183.95,"r":0,"sx":1,"sy":1,"skewX":0,"skewY":0},"16":{"type":"bitmap","libName":"Bitmap 7","x":-33.4,"y":-306.35,"r":0,"sx":1,"sy":1,"skewX":0,"skewY":0},"17":{"type":"bitmap","libName":"Bitmap 3","x":-90.8,"y":565.95,"r":0,"sx":1,"sy":1,"skewX":0,"skewY":0},"18":{"type":"bitmap","libName":"位图 4","x":158.2,"y":565.95,"r":0,"sx":1,"sy":1,"skewX":0,"skewY":0},"19":{"x":524.3,"y":795.15,"name":"power","type":"sprite","r":0,"sx":1,"sy":1,"a":1,"skewX":0,"skewY":0,"0":{"type":"bitmap","libName":"6084269f.png","x":-243.5,"y":-310.95,"r":0,"sx":0.912750244140625,"sy":0.912750244140625,"skewX":0,"skewY":0}}}