{"type":"sprite","x":0,"y":0,"name":"","0":{"x":-165.15,"y":-676.4,"name":"dragAreaCenter","type":"sprite","r":0,"sx":1,"sy":1,"a":0,"skewX":0,"skewY":0,"0":{"type":"shape","path":[255,1477.05,-236.45,2,1196.95,-236.45,2,1196.95,-70.4,2,9.65,-70.4,2,9.65,65.65,2,1196.95,65.65,2,1196.95,227.7,2,1477.05,227.7,2,1477.05,-236.45,2,1477.05,-236.45,1,0.4980392156862745,-2818049,33]}},"1":{"x":-165.15,"y":-667.75,"name":"dragAreaOri","type":"sprite","r":0,"sx":1,"sy":1,"a":0,"skewX":0,"skewY":0,"0":{"type":"shape","path":[255,1229.65,-85.4,2,1198.85,-71.6,2,0,-73.7,2,0,78.35,2,1209.25,70,2,1214.3,406.4,2,1326.3,456.4,2,1319.35,-128.75,2,1229.65,-85.4,2,1229.65,-85.4,1,0.2,6750207,33]}},"2":{"x":-164.8,"y":547.9,"name":"chooseArea","type":"sprite","r":0,"sx":1,"sy":1,"a":1,"skewX":0,"skewY":0,"0":{"x":1.35,"y":0,"name":"area0","type":"sprite","r":0,"sx":1,"sy":1,"a":0,"skewX":0,"skewY":0,"0":{"type":"shape","path":[255,0,442.8,2,102,442.8,2,102,0,2,0,0,2,0,442.8,2,0,442.8,1,1,3342591,33]}}},"3":{"x":-177.75,"y":-655.5,"name":"bar","type":"sprite","r":0,"sx":1,"sy":1,"a":1,"skewX":0,"skewY":0,"0":{"type":"shape","path":[255,0,0,2,0,25,2,1241.95,25,2,1241.95,0,2,0,0,2,0,0,1,0,3342438,33]}},"4":{"x":0,"y":0,"name":"bg","type":"sprite","r":0,"sx":1,"sy":1,"a":1,"skewX":0,"skewY":0,"0":{"type":"bitmap","libName":"铁杆.png","x":-176.5,"y":-655,"r":0,"sx":0.499969482421875,"sy":0.49993896484375,"skewX":0,"skewY":0},"1":{"x":-390.55,"y":527,"name":"plateCenter","type":"sprite","r":0,"sx":1,"sy":1,"a":0,"skewX":0,"skewY":0,"0":{"type":"bitmap","libName":"Bitmap 5","x":0,"y":0,"r":0,"sx":1,"sy":1,"skewX":0,"skewY":0}},"2":{"x":-165,"y":600,"name":"plate","type":"sprite","r":0,"sx":1,"sy":1,"a":1,"skewX":0,"skewY":0,"0":{"type":"bitmap","libName":"底座.png","x":-129,"y":-55,"r":0,"sx":0.5,"sy":0.502288818359375,"skewX":0,"skewY":0}}}}