{"type":"sprite","x":0,"y":0,"name":"","0":{"x":163.9,"y":-30.4,"name":"chooseArea","type":"sprite","r":0,"sx":1,"sy":1,"a":1,"skewX":0,"skewY":0,"0":{"x":-23.9,"y":0,"name":"area2","type":"sprite","r":0,"sx":1.449951171875,"sy":1,"a":0,"skewX":0,"skewY":0,"0":{"type":"shape","path":[255,0,111.35,2,48,111.35,2,48,43.35,2,0,43.35,2,0,111.35,2,0,111.35,1,0.4980392156862745,26112,33]}},"1":{"x":143.6,"y":0,"name":"area1","type":"sprite","r":0,"sx":1,"sy":1,"a":0,"skewX":0,"skewY":0,"0":{"type":"shape","path":[255,0,34,2,48,34,2,48,-34,2,0,-34,2,0,34,2,0,34,1,0.4980392156862745,26112,33]}},"2":{"x":34,"y":0,"name":"area0","type":"sprite","r":0,"sx":1,"sy":1,"a":0,"skewX":0,"skewY":0,"0":{"type":"shape","path":[255,0,34,2,48,34,2,48,-34,2,0,-34,2,0,34,2,0,34,1,0.4980392156862745,26112,33]}}},"1":{"x":-87.9,"y":-29.7,"name":"bg","type":"sprite","r":0,"sx":1,"sy":1,"a":1,"skewX":0,"skewY":0,"0":{"type":"bitmap","libName":"夹子2.png","x":167,"y":3,"r":0,"sx":0.5,"sy":0.5,"skewX":0,"skewY":0},"1":{"type":"bitmap","libName":"夹子1.png","x":0,"y":0,"r":0,"sx":0.5,"sy":0.5,"skewX":0,"skewY":0}},"2":{"x":-86.7,"y":-6.75,"name":"hitRef","type":"sprite","r":0,"sx":1.7292633056640625,"sy":1,"a":1,"skewX":0,"skewY":0,"0":{"type":"shape","path":[255,0,258.85,2,6,258.85,2,6,0,2,0,0,2,0,258.85,2,0,258.85,1,0,3342438,33]}}}