{"type":"sprite","x":0,"y":0,"name":"","0":{"x":317.95,"y":203.4,"name":"lightPoint","type":"sprite","r":0,"sx":1,"sy":1,"a":1,"skewX":0,"skewY":0,"0":{"type":"bitmap","libName":"Bitmap 3","x":0,"y":0,"r":0,"sx":1,"sy":1,"skewX":0,"skewY":0}},"1":{"type":"bitmap","libName":"Bitmap 2","x":79.5,"y":32.7,"r":-0.19511756252909143,"sx":0.9994964599609375,"sy":0.9994964599609375,"skewX":-0.19511756252909143,"skewY":-0.19511756252909143},"2":{"type":"bitmap","libName":"Bitmap 1","x":153.5,"y":-1.3,"r":0.5728342325672477,"sx":0.999481201171875,"sy":0.999481201171875,"skewX":0.5728342325672477,"skewY":0.5728342325672477}}