{"type":"sprite","x":0,"y":0,"name":"","0":{"x":-57.5,"y":-62.55,"name":"","type":"sprite","r":0,"sx":1,"sy":1,"a":1,"skewX":0,"skewY":0,"capacityVertex":[{"x":46.8,"y":30.150000000000006},{"x":42.099999999999994,"y":46.45},{"x":6.25,"y":46.60000000000001},{"x":0.75,"y":30.299999999999997}],"0":{"type":"shape","path":[255,109,99.6,2,109.15,63.75,2,92.85,58.25,2,92.7,104.3,2,109,99.6,2,109,99.6,1,1,52326,1,32]}},"1":{"x":0,"y":0,"name":"flowerImg","type":"sprite","r":0,"sx":1,"sy":1,"a":1,"skewX":0,"skewY":0,"0":{"type":"bitmap","libName":"Bitmap 1","x":0,"y":0,"r":0,"sx":0.83331298828125,"sy":0.83331298828125,"skewX":0,"skewY":0}},"2":{"x":0,"y":0,"name":"bg","type":"sprite","r":0,"sx":1,"sy":1,"a":1,"skewX":0,"skewY":0,"0":{"type":"bitmap","libName":"Bitmap 1","x":0,"y":0,"r":0,"sx":0.83331298828125,"sy":0.83331298828125,"skewX":0,"skewY":0}}}