{"type":"sprite","x":0,"y":0,"name":"","0":{"x":53,"y":-0.65,"name":"dragArea","type":"sprite","r":0,"sx":1,"sy":1,"a":0,"skewX":0,"skewY":0,"0":{"type":"shape","path":[255,0,196,2,96.35,196,2,96.35,0,2,0,0,2,0,196,2,0,196,1,0.6980392156862745,6684927,33]}},"1":{"x":249,"y":48,"name":"drop","type":"sprite","r":0,"sx":0.538726806640625,"sy":0.538726806640625,"a":0,"skewX":0,"skewY":0,"0":{"type":"bitmap","libName":"DropperWater","x":-14,"y":0,"r":0,"sx":0.5,"sy":0.5,"skewX":0,"skewY":0}},"2":{"x":149,"y":48,"name":"barrel","type":"sprite","r":0,"sx":1,"sy":1,"a":1,"skewX":0,"skewY":0,"0":{"x":-5.7,"y":3,"name":"dial","type":"nbMovie","r":-1.5707047140533978,"sx":1,"sy":1,"a":1,"skewX":-1.5707047140533978,"skewY":-1.5707047140533978,"0":{"index":1,"0":{"type":"bitmap","libName":"zhusheqi_1.png","x":-16,"y":-77.25,"r":0,"sx":0.5,"sy":0.5,"skewX":0,"skewY":0}},"1":{"index":1,"0":{"type":"bitmap","libName":"zhusheqi_2.png","x":-16,"y":-77.25,"r":0,"sx":0.5,"sy":0.5,"skewX":0,"skewY":0}}},"1":{"type":"bitmap","libName":"Bitmap 2","x":-100,"y":48,"r":-1.5707047140533978,"sx":1,"sy":1,"skewX":-1.5707047140533978,"skewY":-1.5707047140533978}},"3":{"x":220,"y":48,"name":"plunger","type":"sprite","r":0,"sx":1,"sy":1,"a":1,"skewX":0,"skewY":0,"0":{"x":-113.6,"y":-0.05,"name":"","type":"sprite","r":-1.5707201603877203,"sx":0.9097900390625,"sy":3.7817840576171875,"a":1,"skewX":-1.5707047140533978,"skewY":-1.5707201603877203,"linkageClassName":"nb.interactivePinch","0":{"type":"bitmap","libName":"nb.stretchTexture","x":-26.05,"y":-29,"r":0,"sx":1,"sy":1,"skewX":0,"skewY":0}},"1":{"type":"bitmap","libName":"9c0add3a.png","x":-220,"y":22,"r":-1.5707047140533978,"sx":1,"sy":1,"skewX":-1.5707047140533978,"skewY":-1.5707047140533978}},"4":{"x":144.65,"y":47.85,"name":"","type":"sprite","r":0,"sx":1,"sy":1,"a":1,"skewX":0,"skewY":0,"capacityVertex":[{"x":220.4,"y":27.650000000000002},{"x":220.45,"y":68.05},{"x":69.2,"y":67.65},{"x":68.9,"y":28}],"0":{"type":"shape","path":[255,-19.85,-75.75,2,-20.2,75.75,2,20.2,75.8,2,19.8,-75.45,2,-19.85,-75.75,2,-19.85,-75.75,1,1,16711680,0.1,32]}},"5":{"x":249.1,"y":48.15,"name":"dripMouth","type":"sprite","r":0,"sx":1,"sy":1,"a":1,"skewX":0,"skewY":0,"0":{"type":"shape","path":[255,13.4,-8.85,2,-13.45,-8.85,2,-13.45,8.85,2,13.4,8.85,2,13.4,-8.85,2,13.4,-8.85,1,0,3342591,33]}},"6":{"x":125,"y":49,"name":"bg","type":"sprite","r":0,"sx":1,"sy":1,"a":0,"skewX":0,"skewY":0,"0":{"type":"bitmap","libName":"zhusheqi_1.png","x":-59,"y":18,"r":-1.5707047140533978,"sx":0.5,"sy":0.5,"skewX":-1.5707047140533978,"skewY":-1.5707047140533978},"1":{"type":"bitmap","libName":"Bitmap 2","x":-76,"y":47,"r":-1.5707047140533978,"sx":1,"sy":1,"skewX":-1.5707047140533978,"skewY":-1.5707047140533978},"2":{"type":"bitmap","libName":"9c0add3a.png","x":-125,"y":21,"r":-1.5707047140533978,"sx":1,"sy":1,"skewX":-1.5707047140533978,"skewY":-1.5707047140533978}}}