{"type":"sprite","x":0,"y":0,"name":"","0":{"x":10.45,"y":389.9,"name":"particleMask","type":"sprite","r":0,"sx":1,"sy":1,"a":1,"skewX":0,"skewY":0,"linkageClassName":"nb.SetRenderableToFalse","0":{"type":"shape","path":[255,-294.6,18.4,2,-4.9,13.9,5.73046875,2.1681640625,-4.75,-10.55,3,-4.75,-10.55,2,-294.3,-16.55,2,-294.6,18.4,2,-294.6,18.4,1,0.7372549019607844,-2697514,1,32,0.8,-2697514,33]}},"1":{"x":12,"y":195,"name":"bg","type":"sprite","r":0,"sx":1,"sy":1,"a":1,"skewX":0,"skewY":0,"0":{"type":"bitmap","libName":"ad5f89c8.png","x":-12,"y":-195,"r":0,"sx":1,"sy":1,"skewX":0,"skewY":0}}}