{"type":"sprite","x":0,"y":0,"name":"","0":{"x":0,"y":53.25,"name":"dripArea","type":"sprite","r":0,"sx":1,"sy":1,"a":1,"skewX":0,"skewY":0,"0":{"type":"shape","path":[255,11.15,-15.55,2,-11.15,-15.55,2,-11.15,15.55,2,11.15,15.55,2,11.15,-15.55,2,11.15,-15.55,1,0,-65536,33]}},"1":{"x":0,"y":20,"name":"bg","type":"sprite","r":0,"sx":1,"sy":1,"a":1,"skewX":0,"skewY":0,"0":{"type":"shape","path":[255,9.85,-6.95,2,-9.8,-6.95,2,-9.8,6.9,2,9.85,6.9,2,9.85,-6.95,2,9.85,-6.95,1,0,4539717,33]}},"2":{"x":0,"y":0,"name":"back","type":"sprite","r":0,"sx":1,"sy":1,"a":1,"skewX":0,"skewY":0,"0":{"x":-0.15,"y":-0.2,"name":"rotatePart","type":"sprite","r":0,"sx":1,"sy":1,"a":1,"skewX":0,"skewY":0,"0":{"type":"bitmap","libName":"oldRope","x":9,"y":20,"r":1.5707047140533978,"sx":0.9999847412109375,"sy":0.9999847412109375,"skewX":1.5707047140533978,"skewY":1.5707047140533978},"1":{"type":"bitmap","libName":"rope","x":-120,"y":-9,"r":0,"sx":1,"sy":1,"skewX":0,"skewY":0}}}}