{"type":"sprite","x":0,"y":0,"name":"","0":{"x":284.95,"y":190.45,"name":"ani","type":"nbMovie","r":0,"sx":1,"sy":1,"a":1,"skewX":0,"skewY":0,"0":{"index":2,"0":{"type":"bitmap","libName":"10fb15c7.png","x":-161,"y":-43.55,"r":0,"sx":1,"sy":1,"skewX":0,"skewY":0},"1":{"type":"bitmap","libName":"09dd8c26.png","x":-157.75,"y":-8.95,"r":0,"sx":1,"sy":1,"skewX":0,"skewY":0}},"1":{"index":2,"0":{"type":"bitmap","libName":"10fb15c7.png","x":-164.65,"y":-26.5,"r":-0.10471815722300572,"sx":1.0000152587890625,"sy":1.0000152587890625,"skewX":-0.10471815722300572,"skewY":-0.10471815722300572},"1":{"type":"bitmap","libName":"09dd8c26.png","x":-155.95,"y":-25.35,"r":0.10470297720479227,"sx":0.9999847412109375,"sy":0.9999847412109375,"skewX":0.10470297720479227,"skewY":0.10470297720479227}}}}