{"type":"sprite","x":0,"y":0,"name":"","0":{"x":9.5,"y":95,"name":"bg","type":"sprite","r":0,"sx":1,"sy":1,"a":1,"skewX":0,"skewY":0,"0":{"type":"bitmap","libName":"尖嘴金属管.png","x":-9.5,"y":94.95,"r":-1.5706131013118991,"sx":0.4998626708984375,"sy":0.4998931884765625,"skewX":-1.5706131013118991,"skewY":-1.5706131013118991}}}