{"type":"sprite","x":0,"y":0,"name":"","0":{"x":-13,"y":270.55,"name":"hotPoint","type":"sprite","r":0,"sx":1,"sy":1,"a":1,"skewX":0,"skewY":0,"0":{"type":"bitmap","libName":"烧红.png","x":0,"y":0,"r":0,"sx":0.5,"sy":0.5,"skewX":0,"skewY":0}},"1":{"x":-0.1,"y":287.35,"name":"heatPoint","type":"sprite","r":0,"sx":1,"sy":1,"a":1,"skewX":0,"skewY":0,"0":{"type":"shape","path":[255,7.3,-6,2,-7.2,-6,2,-7.3,6,2,7.2,6,2,7.3,-6,2,7.3,-6,1,0,255,33]}},"2":{"x":-0.05,"y":-21.55,"name":"dragAA","type":"sprite","r":0,"sx":0.59100341796875,"sy":1.124267578125,"a":1,"skewX":0,"skewY":0,"linkageClassName":"nb.SetRenderableToFalse","0":{"type":"shape","path":[255,292.3,-50,2,-67.4,-50,2,-70,50,2,289.7,50,2,292.3,-50,2,292.3,-50,1,0,255,33]}},"3":{"x":0.3,"y":229.95,"name":"dripArea","type":"sprite","r":0,"sx":0.340576171875,"sy":0.411865234375,"a":1,"skewX":0,"skewY":0,"0":{"type":"shape","path":[255,11.15,-15.55,2,-11.15,-15.55,2,-11.15,15.55,2,11.15,15.55,2,11.15,-15.55,2,11.15,-15.55,1,0,-65536,33]}},"4":{"x":0,"y":115.4,"name":"bg","type":"sprite","r":0,"sx":1,"sy":2.2758941650390625,"a":1,"skewX":0,"skewY":0,"0":{"type":"bitmap","libName":"位图 5","x":-9,"y":-90.5,"r":0,"sx":1,"sy":1.1776580810546875,"skewX":0,"skewY":0}}}