{"type":"sprite","x":0,"y":0,"name":"","0":{"x":112.9,"y":0.45,"name":"chooseArea","type":"sprite","r":0,"sx":1,"sy":1,"a":1,"skewX":0,"skewY":0,"0":{"x":503.2,"y":-2.85,"name":"area3","type":"sprite","r":0,"sx":0.915802001953125,"sy":1,"a":0.47,"skewX":0,"skewY":0,"0":{"type":"shape","path":[255,0,37.05,2,342.45,37.05,2,342.45,-37.05,2,0,-37.05,2,0,37.05,2,0,37.05,1,0,3394713,33]}},"1":{"x":349.8,"y":-2.85,"name":"area2","type":"sprite","r":0,"sx":0.915802001953125,"sy":1,"a":0.47,"skewX":0,"skewY":0,"0":{"type":"shape","path":[255,0,37.05,2,342.45,37.05,2,342.45,-37.05,2,0,-37.05,2,0,37.05,2,0,37.05,1,0,3394713,33]}},"2":{"x":196.5,"y":-2.85,"name":"area1","type":"sprite","r":0,"sx":0.915802001953125,"sy":1,"a":0.47,"skewX":0,"skewY":0,"0":{"type":"shape","path":[255,0,37.05,2,342.45,37.05,2,342.45,-37.05,2,0,-37.05,2,0,37.05,2,0,37.05,1,0,3394713,33]}},"3":{"x":43.2,"y":-2.85,"name":"area0","type":"sprite","r":0,"sx":0.915802001953125,"sy":1,"a":0.47,"skewX":0,"skewY":0,"0":{"type":"shape","path":[255,0,37.05,2,342.45,37.05,2,342.45,-37.05,2,0,-37.05,2,0,37.05,2,0,37.05,1,0,3394713,33]}}},"1":{"type":"bitmap","libName":"c9cbd628.png copy","x":0.85,"y":0,"r":0,"sx":1,"sy":1,"skewX":0,"skewY":0},"2":{"type":"bitmap","libName":"9c534cae.png copy","x":0,"y":0.4,"r":0,"sx":1,"sy":1,"skewX":0,"skewY":0},"3":{"type":"bitmap","libName":"528dcd8d.png","x":214.3,"y":89.15,"r":0,"sx":1,"sy":1,"skewX":0,"skewY":0},"4":{"x":387.05,"y":175.95,"name":"bg","type":"sprite","r":0,"sx":1,"sy":1,"a":1,"skewX":0,"skewY":0,"0":{"type":"bitmap","libName":"6f9cabac.png","x":-385.5,"y":-174.5,"r":0,"sx":1,"sy":1,"skewX":0,"skewY":0}}}