{"type":"sprite","x":0,"y":0,"name":"","0":{"x":30.5,"y":290.5,"name":"ani","type":"nbMovie","r":0,"sx":1,"sy":1,"a":1,"skewX":0,"skewY":0,"0":{"index":1,"0":{"type":"bitmap","libName":"25a953e3.png copy","x":30.5,"y":-290.5,"r":1.5707047140533978,"sx":1,"sy":1,"skewX":1.5707047140533978,"skewY":1.5707047140533978}},"1":{"index":1,"0":{"type":"bitmap","libName":"611954e7.png","x":30.45,"y":-291.4,"r":1.5707047140533978,"sx":1,"sy":1,"skewX":1.5707047140533978,"skewY":1.5707047140533978}}},"1":{"x":29.8,"y":290.9,"name":"bg","type":"sprite","r":0,"sx":1,"sy":1,"a":0,"skewX":0,"skewY":0,"0":{"type":"bitmap","libName":"25a953e3.png copy","x":30.5,"y":-290.5,"r":1.5707047140533978,"sx":1,"sy":1,"skewX":1.5707047140533978,"skewY":1.5707047140533978}}}