{"type":"sprite","x":0,"y":0,"name":"WoodenCover","0":{"type":"bitmap","libName":"木盖.png","x":-187.25,"y":-8.4,"r":0,"sx":0.6999969482421875,"sy":0.6999969482421875,"skewX":0,"skewY":0}}