{"type":"sprite","x":0,"y":0,"name":"","0":{"x":8,"y":1077.75,"name":"pourInChoice1","type":"sprite","r":0,"sx":1,"sy":1,"a":0,"skewX":0,"skewY":0,"0":{"type":"bitmap","libName":"Bitmap 3","x":-2.5,"y":-2,"r":0,"sx":1,"sy":1,"skewX":0,"skewY":0}},"1":{"x":74.05,"y":3.5,"name":"pourInChoice0","type":"sprite","r":0,"sx":1,"sy":1,"a":0,"skewX":0,"skewY":0,"0":{"type":"bitmap","libName":"Bitmap 3","x":-2.5,"y":-2,"r":0,"sx":1,"sy":1,"skewX":0,"skewY":0}},"2":{"x":-52.3,"y":449.5,"name":"","type":"sprite","r":1.5707047140533978,"sx":1,"sy":1,"a":1,"skewX":1.5707047140533978,"skewY":1.5707047140533978,"capacityVertex":[{"x":78.15912170410157,"y":2.9880523681640625},{"x":79.20772857666016,"y":1080.0379653930663},{"x":3.207723999023443,"y":1079.9949234008789},{"x":3.1592086791992244,"y":3.944918823242176}],"0":{"type":"shape","path":[255,-131.45,630.55,2,-55.45,630.5,2,-55.5,-445.55,2,-130.5,-446.5,2,-131.45,630.55,2,-131.45,630.55,1,1,52326,1,32]}},"3":{"x":-0.35,"y":3,"name":"","type":"sprite","r":0,"sx":1,"sy":1,"a":1,"skewX":0,"skewY":0,"linkageClassName":"nb.eqLimitAreaGroup|nb.SetRenderableToFalse","0":{"x":74.8,"y":1078,"name":"area1","type":"sprite","r":3.141592653589793,"sx":0.593994140625,"sy":0.39154052734375,"a":1,"skewX":3.141592653589793,"skewY":3.141592653589793,"linkageClassName":"nb.eqLimitArea|nb.SetRenderableToFalse","0":{"type":"shape","path":[255,0,0,2,0,125.95,2,1324.75,125.95,2,1324.75,0,2,0,0,2,0,0,1,0.5098039215686274,3381504,33]}},"1":{"x":1,"y":0,"name":"area0","type":"sprite","r":0,"sx":0.61456298828125,"sy":0.384246826171875,"a":1,"skewX":0,"skewY":0,"linkageClassName":"nb.eqLimitArea|nb.SetRenderableToFalse","0":{"type":"shape","path":[255,0,0,2,0,125.95,2,1324.75,125.95,2,1324.75,0,2,0,0,2,0,0,1,0.5098039215686274,3381504,33]}}},"4":{"x":64.2,"y":241.1,"name":"chooseArea","type":"sprite","r":1.5707047140533978,"sx":1,"sy":1,"a":1,"skewX":1.5707047140533978,"skewY":1.5707047140533978,"0":{"x":840.8,"y":-5,"name":"area1","type":"sprite","r":3.141592653589793,"sx":1.79998779296875,"sy":1.29998779296875,"a":1,"skewX":3.141592653589793,"skewY":3.141592653589793,"0":{"type":"bitmap","libName":"Bitmap 2","x":0,"y":-48,"r":0,"sx":1,"sy":1,"skewX":0,"skewY":0}},"1":{"x":-237,"y":55.2,"name":"area0","type":"sprite","r":0,"sx":1.79998779296875,"sy":1.29998779296875,"a":1,"skewX":0,"skewY":0,"0":{"type":"bitmap","libName":"Bitmap 1","x":0,"y":-48,"r":0,"sx":1,"sy":1,"skewX":0,"skewY":0}}},"5":{"x":353,"y":407.25,"name":"","type":"sprite","r":1.5707047140533978,"sx":1,"sy":1,"a":1,"skewX":1.5707047140533978,"skewY":1.5707047140533978,"napeData":{"linkage":"nape.Polygon","active":"true","allowDragging":"false","angularDamping":"0.0","angularVelocity":"0.0","applyGravity":"true","autoSleep":"true","awake":"true","bullet":"false","density":"1.0","disabled":"false","fixedRotation":"false","focusOn":"false","friction":"0.2","groupIndex":"0","inertiaScale":"1","isGround":"false","isSensor":"false","linearDamping":"0.0","linearVelocityX":"0.0","linearVelocityY":"0.0","reportBeginContact":"false","reportEndContact":"false","reportPostSolve":"false","reportPreSolve":"false","restitution":"0.2","tweened":"false","type":"Dynamic","collideGroup":["0"],"useParticleSystem":"false","particleRadius":"0.055","particleTexture":"","polyData":[[{"x":71.96166076660154,"y":1080.7757354736327},{"x":71.8629211425781,"y":2.2757354736328352},{"x":81.76292114257814,"y":2.2748291015624886},{"x":81.86166076660157,"y":1080.7748291015625}],[{"x":0.11163787841798012,"y":1080.5323135375977},{"x":0.012861633300815356,"y":1.6323135375976676},{"x":8.462861633300804,"y":1.6315399169922102},{"x":8.561637878417969,"y":1080.5315399169922}]]},"0":{"type":"shape","path":[255,271.2,673.5,2,281.1,673.5,2,281.1,-405,2,271.2,-405,2,271.2,673.5,2,271.2,673.5,1,1,16776960,1,32]},"1":{"type":"shape","path":[255,344.5,673.25,2,352.95,673.25,2,352.95,-405.65,2,344.5,-405.65,2,344.5,673.25,2,344.5,673.25,1,1,16776960,1,32]}},"6":{"x":41.8,"y":541.8,"name":"bg","type":"sprite","r":0,"sx":1,"sy":1,"a":1,"skewX":0,"skewY":0,"0":{"type":"bitmap","libName":"a9413984.png","x":40.45,"y":-541.8,"r":1.5707353404059337,"sx":1.79998779296875,"sy":1.5,"skewX":1.5707201603877203,"skewY":1.5707353404059337}}}