{"type":"sprite","x":0,"y":0,"name":"DripHolp","0":{"x":-50.75,"y":-29.3,"name":"graphicsMask","type":"sprite","r":0,"sx":1,"sy":1,"a":1,"skewX":0,"skewY":0,"0":{"type":"shape","path":[255,22.05,102.1,31.2,102.1,37.65,87.15,3,37.65,87.15,44.1,72.2,44.1,51.05,3,44.1,51.05,44.1,29.9,37.65,14.95,3,37.65,14.95,31.2,0,22.05,0,3,22.05,0,12.9,0,6.45,14.95,3,6.45,14.95,0,29.9,0,51.05,3,0,51.05,0,72.2,6.45,87.15,3,6.45,87.15,12.9,102.1,22.05,102.1,3,1,255,1,32,0.4666666666666667,-6710887,33]}},"1":{"x":-35,"y":-8.65,"name":"","type":"sprite","r":0,"sx":1,"sy":1,"a":1,"skewX":0,"skewY":0,"linkageClassName":"nb.eqLimitArea|nb.SetRenderableToFalse","0":{"type":"shape","path":[255,0,70.35,2,16.75,70.35,2,16.75,0,2,0,0,2,0,70.35,2,0,70.35,1,0.5098039215686274,3381504,33]}},"2":{"x":-48,"y":0,"name":"","type":"sprite","r":0,"sx":1,"sy":1,"a":1,"skewX":0,"skewY":0,"capacityVertex":[{"x":38.95,"y":-19.25},{"x":49.75,"y":0.5},{"x":-49.65,"y":0.5},{"x":-41.1,"y":-19.25}],"0":{"type":"shape","path":[255,-19.25,6.9,2,-19.25,86.95,2,0.5,97.75,2,0.5,-1.65,2,-19.25,6.9,2,-19.25,6.9,1,1,52326,1,32]}},"3":{"type":"bitmap","libName":"Bitmap 2","x":-52.5,"y":-30.65,"r":0,"sx":1,"sy":1,"skewX":0,"skewY":0}}