{"type":"sprite","x":0,"y":0,"name":"","0":{"x":-146,"y":60,"name":"dripArea","type":"sprite","r":0,"sx":0.399993896484375,"sy":0.399993896484375,"a":1,"skewX":0,"skewY":0,"0":{"type":"shape","path":[255,5,-5,2,-5,-5,2,-5,5,2,5,5,2,5,-5,2,5,-5,1,0,-65536,33]}},"1":{"x":0,"y":0,"name":"bg","type":"sprite","r":0,"sx":1,"sy":1,"a":1,"skewX":0,"skewY":0,"0":{"type":"bitmap","libName":"瓶2塞1.png","x":-148.1,"y":10.75,"r":0,"sx":0.399993896484375,"sy":0.399993896484375,"skewX":0,"skewY":0},"1":{"type":"bitmap","libName":"管.png","x":-150,"y":-34,"r":0,"sx":0.38958740234375,"sy":0.36236572265625,"skewX":0,"skewY":0},"2":{"x":34.6,"y":-20,"name":"swtchBtn","type":"nbMovie","r":0,"sx":1,"sy":1,"a":1,"skewX":0,"skewY":0,"0":{"index":1,"0":{"type":"bitmap","libName":"关.png","x":-28,"y":-50,"r":0,"sx":0.38092041015625,"sy":0.4385986328125,"skewX":0,"skewY":0}},"1":{"index":1,"0":{"type":"bitmap","libName":"旋转头1.png","x":-30,"y":50,"r":-1.5707505204241472,"sx":0.3662567138671875,"sy":0.335174560546875,"skewX":-1.5707505204241472,"skewY":-1.5707505204241472}}}}}