{"type":"sprite","x":0,"y":0,"name":"","0":{"x":78.15,"y":438.75,"name":"vision","type":"sprite","r":0,"sx":1,"sy":1,"a":1,"skewX":0,"skewY":0,"0":{"x":0,"y":0,"name":"v0","type":"sprite","r":0,"sx":1,"sy":1,"a":1,"skewX":3.141592653589793,"skewY":0,"0":{"x":145.8,"y":-83.7,"name":"","type":"sprite","r":-0.5235966450694268,"sx":1,"sy":1,"a":1,"skewX":-0.5235966450694268,"skewY":-0.5235966450694268,"0":{"type":"bitmap","libName":"眼睛.png","x":-17,"y":-17,"r":0,"sx":0.39996337890625,"sy":0.39996337890625,"skewX":0,"skewY":0}},"1":{"x":0,"y":0,"name":"","type":"sprite","r":-0.5236080966621142,"sx":0.999969482421875,"sy":0.999969482421875,"a":1,"skewX":-0.5236080966621142,"skewY":-0.5236080966621142,"0":{"type":"bitmap","libName":"虚线2.png","x":0,"y":-1,"r":0,"sx":0.4999847412109375,"sy":1,"skewX":0,"skewY":0}},"2":{"x":33,"y":-19.05,"name":"","type":"sprite","r":0,"sx":1,"sy":1,"a":1,"skewX":0,"skewY":0,"0":{"type":"bitmap","libName":"虚线.png","x":0,"y":-1,"r":0,"sx":0.39996337890625,"sy":0.9999847412109375,"skewX":0,"skewY":0}}},"1":{"x":0,"y":0,"name":"v2","type":"sprite","r":0,"sx":1,"sy":1,"a":1,"skewX":0,"skewY":0,"0":{"x":145.8,"y":-83.7,"name":"","type":"sprite","r":-0.5235966450694268,"sx":1,"sy":1,"a":1,"skewX":-0.5235966450694268,"skewY":-0.5235966450694268,"0":{"type":"bitmap","libName":"眼睛.png","x":-17,"y":-17,"r":0,"sx":0.39996337890625,"sy":0.39996337890625,"skewX":0,"skewY":0}},"1":{"x":0,"y":0,"name":"","type":"sprite","r":-0.5236080966621142,"sx":0.999969482421875,"sy":0.999969482421875,"a":1,"skewX":-0.5236080966621142,"skewY":-0.5236080966621142,"0":{"type":"bitmap","libName":"虚线2.png","x":0,"y":-1,"r":0,"sx":0.4999847412109375,"sy":1,"skewX":0,"skewY":0}},"2":{"x":33,"y":-19.05,"name":"","type":"sprite","r":0,"sx":1,"sy":1,"a":1,"skewX":0,"skewY":0,"0":{"type":"bitmap","libName":"虚线.png","x":0,"y":-1,"r":0,"sx":0.39996337890625,"sy":0.9999847412109375,"skewX":0,"skewY":0}}},"2":{"x":0,"y":0,"name":"v1","type":"sprite","r":0,"sx":1,"sy":1,"a":1,"skewX":0,"skewY":0,"0":{"x":165,"y":0,"name":"","type":"sprite","r":0,"sx":1,"sy":1,"a":1,"skewX":0,"skewY":0,"0":{"type":"bitmap","libName":"眼睛.png","x":-17,"y":-17,"r":0,"sx":0.39996337890625,"sy":0.39996337890625,"skewX":0,"skewY":0}},"1":{"x":0,"y":0,"name":"","type":"sprite","r":0,"sx":1,"sy":1,"a":1,"skewX":0,"skewY":0,"0":{"type":"bitmap","libName":"虚线5.png","x":0,"y":-1,"r":0,"sx":0.5,"sy":1,"skewX":0,"skewY":0}}}},"1":{"x":78.15,"y":438.75,"name":"visionPos","type":"sprite","r":0,"sx":1,"sy":1,"a":1,"skewX":0,"skewY":0},"2":{"x":53.5,"y":-0.05,"name":"","type":"sprite","r":0,"sx":0.3709869384765625,"sy":1.3757171630859375,"a":1,"skewX":0,"skewY":0,"linkageClassName":"nb.eqLimitArea|nb.SetRenderableToFalse","0":{"type":"shape","path":[255,0,0,2,0,142,2,314,142,2,314,0,2,0,0,2,0,0,1,0.5098039215686274,3381504,33]}},"3":{"x":41.9,"y":5.75,"name":"","type":"sprite","r":0,"sx":1,"sy":1,"a":1,"skewX":0,"skewY":0,"linkageClassName":"nb.pourLiquidOut|nb.SetRenderableToFalse","0":{"type":"bitmap","libName":"nb.pourLiquidOutImg","x":-16,"y":-16,"r":0,"sx":1,"sy":1,"skewX":0,"skewY":0}},"4":{"x":104.2,"y":-1.5,"name":"","type":"sprite","r":0,"sx":1,"sy":1,"a":1,"skewX":0,"skewY":0,"linkageClassName":"nb.pourLiquidIn|nb.SetRenderableToFalse|nb.setAllowGetBoundsToFalse","0":{"type":"bitmap","libName":"nb.pourLiquidImg","x":-17.5,"y":-17.5,"r":0,"sx":1,"sy":1,"skewX":0,"skewY":0}},"5":{"x":26.85,"y":41.2,"name":"","type":"sprite","r":0,"sx":1,"sy":1,"a":1,"skewX":0,"skewY":0,"capacityVertex":[{"x":108.19999999999999,"y":3.8500000000000014},{"x":106.85,"y":443.3},{"x":53,"y":442.8},{"x":48.05,"y":46.800000000000004},{"x":48.45,"y":6.800000000000004}],"0":{"type":"shape","path":[255,-34.4,21.6,2,-37.35,81.35,2,402.1,80,2,401.6,26.15,2,5.6,21.2,2,-34.4,21.6,2,-34.4,21.6,1,1,52326,1,32]}},"6":{"x":115.3,"y":125,"name":"","type":"sprite","r":0,"sx":1,"sy":1,"a":1,"skewX":0,"skewY":0,"napeData":{"linkage":"nape.Polygon","active":"true","allowDragging":"false","angularDamping":"0.0","angularVelocity":"0.0","applyGravity":"true","autoSleep":"true","awake":"true","bullet":"true","density":"1.0","disabled":"false","fixedRotation":"false","focusOn":"false","friction":"2","groupIndex":"0","inertiaScale":"1","isGround":"false","isSensor":"false","linearDamping":"0.0","linearVelocityX":"0.0","linearVelocityY":"0.0","reportBeginContact":"false","reportEndContact":"false","reportPostSolve":"false","reportPreSolve":"false","restitution":"0.2","tweened":"false","type":"Dynamic","collideGroup":["0"],"useParticleSystem":"false","particleRadius":"0.055","particleTexture":"","polyData":[[{"x":114.85,"y":455.55},{"x":38.75,"y":455.55},{"x":38.7,"y":437.45},{"x":114.8,"y":437.45}],[{"x":53.3,"y":2.5999999999999943},{"x":53.3,"y":445.15},{"x":39.89999999999999,"y":445.15},{"x":39.89999999999999,"y":2.5999999999999943}],[{"x":113.45,"y":2.299999999999997},{"x":113.45,"y":444.15},{"x":100.05,"y":444.15},{"x":100.05,"y":2.299999999999997}]]},"0":{"type":"shape","path":[255,312.45,-0.5,2,330.55,-0.45,2,330.55,-76.55,2,312.45,-76.6,2,312.45,-0.5,2,312.45,-0.5,1,1,13421772,1,32]},"1":{"type":"shape","path":[255,-122.4,-75.4,2,-122.4,-62,2,320.15,-62,2,320.15,-75.4,2,-122.4,-75.4,2,-122.4,-75.4,1,1,13421772,1,32]},"2":{"type":"shape","path":[255,-122.7,-15.25,2,-122.7,-1.85,2,319.15,-1.85,2,319.15,-15.25,2,-122.7,-15.25,2,-122.7,-15.25,1,1,13421772,1,32]}},"7":{"x":79.7,"y":235.5,"name":"bg","type":"sprite","r":0,"sx":1,"sy":1,"a":1,"skewX":0,"skewY":0,"0":{"x":-19.95,"y":-186.9,"name":"dial1","type":"nbMovie","r":0,"sx":1,"sy":1,"a":1,"skewX":0,"skewY":0,"0":{"index":1,"0":{"type":"bitmap","libName":"50ml量筒.png","x":0,"y":0,"r":0,"sx":0.5,"sy":0.5,"skewX":0,"skewY":0}},"1":{"index":1,"0":{"type":"bitmap","libName":"a50ml量筒.png","x":0,"y":0,"r":0,"sx":0.5,"sy":0.5,"skewX":0,"skewY":0}}},"1":{"x":0.05,"y":-7,"name":"dial","type":"nbMovie","r":0,"sx":1,"sy":1,"a":1,"skewX":0,"skewY":0,"0":{"index":1,"0":{"type":"bitmap","libName":"lt50_1.png","x":-23.25,"y":-179.5,"r":0,"sx":0.5,"sy":0.499298095703125,"skewX":0,"skewY":0}},"1":{"index":1,"0":{"type":"bitmap","libName":"lt50_2.png","x":-23.25,"y":-179.5,"r":0,"sx":0.5,"sy":0.499298095703125,"skewX":0,"skewY":0}}},"2":{"type":"bitmap","libName":"Bitmap 1","x":-81.2,"y":-237,"r":0,"sx":1,"sy":1,"skewX":0,"skewY":0}}}