{"type":"sprite","x":0,"y":0,"name":"","0":{"x":56.2,"y":309.6,"name":"vision","type":"sprite","r":0,"sx":0.80999755859375,"sy":0.80999755859375,"a":1,"skewX":0,"skewY":0,"0":{"x":0,"y":0,"name":"v0","type":"sprite","r":0,"sx":1,"sy":1,"a":1,"skewX":3.141592653589793,"skewY":0,"0":{"x":140.2,"y":-82.2,"name":"","type":"sprite","r":-0.5236080966621142,"sx":0.999969482421875,"sy":0.999969482421875,"a":1,"skewX":-0.5236080966621142,"skewY":-0.5236080966621142,"0":{"type":"bitmap","libName":"眼睛.png","x":-12,"y":-12,"r":0,"sx":0.2999725341796875,"sy":0.299957275390625,"skewX":0,"skewY":0}},"1":{"x":0,"y":0,"name":"","type":"sprite","r":-0.5236080966621142,"sx":0.9998626708984375,"sy":0.9998626708984375,"a":1,"skewX":-0.5236080966621142,"skewY":-0.5236080966621142,"0":{"type":"bitmap","libName":"虚线2.png","x":0,"y":-1,"r":0,"sx":0.4999847412109375,"sy":1,"skewX":0,"skewY":0}},"2":{"x":23,"y":-13.5,"name":"","type":"sprite","r":0,"sx":1,"sy":1,"a":1,"skewX":0,"skewY":0,"0":{"type":"bitmap","libName":"虚线.png","x":0,"y":-1,"r":0,"sx":0.449981689453125,"sy":1,"skewX":0,"skewY":0}}},"1":{"x":0,"y":0,"name":"v2","type":"sprite","r":0,"sx":1,"sy":1,"a":1,"skewX":0,"skewY":0,"0":{"x":140.2,"y":-82.2,"name":"","type":"sprite","r":-0.5236080966621142,"sx":0.999969482421875,"sy":0.999969482421875,"a":1,"skewX":-0.5236080966621142,"skewY":-0.5236080966621142,"0":{"type":"bitmap","libName":"眼睛.png","x":-12,"y":-12,"r":0,"sx":0.2999725341796875,"sy":0.299957275390625,"skewX":0,"skewY":0}},"1":{"x":0,"y":0,"name":"","type":"sprite","r":-0.5236080966621142,"sx":0.9998626708984375,"sy":0.9998626708984375,"a":1,"skewX":-0.5236080966621142,"skewY":-0.5236080966621142,"0":{"type":"bitmap","libName":"虚线2.png","x":0,"y":-1,"r":0,"sx":0.4999847412109375,"sy":1,"skewX":0,"skewY":0}},"2":{"x":23,"y":-13.5,"name":"","type":"sprite","r":0,"sx":1,"sy":1,"a":1,"skewX":0,"skewY":0,"0":{"type":"bitmap","libName":"虚线.png","x":0,"y":-1,"r":0,"sx":0.449981689453125,"sy":1,"skewX":0,"skewY":0}}},"2":{"x":0,"y":0,"name":"v1","type":"sprite","r":0,"sx":1,"sy":1,"a":1,"skewX":0,"skewY":0,"0":{"x":165,"y":-0.6,"name":"","type":"sprite","r":0,"sx":1,"sy":1,"a":1,"skewX":0,"skewY":0,"0":{"type":"bitmap","libName":"眼睛.png","x":-12,"y":-12,"r":0,"sx":0.2999725341796875,"sy":0.299957275390625,"skewX":0,"skewY":0}},"1":{"x":0,"y":0,"name":"","type":"sprite","r":0,"sx":1,"sy":1,"a":1,"skewX":0,"skewY":0,"0":{"type":"bitmap","libName":"虚线5.png","x":0,"y":-1,"r":0,"sx":0.5,"sy":1,"skewX":0,"skewY":0}}}},"1":{"x":56.2,"y":309.6,"name":"visionPos","type":"sprite","r":0,"sx":0.80999755859375,"sy":0.80999755859375,"a":1,"skewX":0,"skewY":0},"2":{"x":34.95,"y":0.35,"name":"","type":"sprite","r":0,"sx":1,"sy":1,"a":1,"skewX":0,"skewY":0,"linkageClassName":"nb.eqLimitArea|nb.SetRenderableToFalse","0":{"type":"shape","path":[255,0.05,0,2,0.05,38,2,307.05,38,2,307.05,0,2,0.05,0,2,0.05,0,1,0.5098039215686274,3381504,33]}},"3":{"x":27.25,"y":7.1,"name":"","type":"sprite","r":0,"sx":0.5999755859375,"sy":0.5999755859375,"a":1,"skewX":0,"skewY":0,"linkageClassName":"nb.pourLiquidOut|nb.SetRenderableToFalse","0":{"type":"bitmap","libName":"nb.pourLiquidOutImg","x":-16,"y":-16,"r":0,"sx":1,"sy":1,"skewX":0,"skewY":0}},"4":{"x":76.1,"y":0.35,"name":"","type":"sprite","r":0,"sx":0.5999755859375,"sy":0.5999755859375,"a":1,"skewX":0,"skewY":0,"linkageClassName":"nb.pourLiquidIn|nb.SetRenderableToFalse|nb.setAllowGetBoundsToFalse","0":{"type":"bitmap","libName":"nb.pourLiquidImg","x":-17.5,"y":-17.5,"r":0,"sx":1,"sy":1,"skewX":0,"skewY":0}},"5":{"x":25,"y":1,"name":"","type":"sprite","r":0,"sx":1,"sy":1,"a":1,"skewX":0,"skewY":0,"capacityVertex":[{"x":73.6,"y":1.95},{"x":73.7,"y":310.9},{"x":37.65,"y":311.35},{"x":34.85,"y":1.85}],"0":{"type":"shape","path":[255,0.85,9.85,2,0.95,48.6,2,309.9,48.7,2,310.35,12.65,2,0.85,9.85,2,0.85,9.85,1,1,52326,1,32]}},"6":{"x":22,"y":0,"name":"","type":"sprite","r":0,"sx":1,"sy":1,"a":1,"skewX":0,"skewY":0,"napeData":{"linkage":"nape.Polygon","active":"true","allowDragging":"false","angularDamping":"0.0","angularVelocity":"0.0","applyGravity":"true","autoSleep":"true","awake":"true","bullet":"true","density":"1.0","disabled":"false","fixedRotation":"false","focusOn":"false","friction":"2","groupIndex":"0","inertiaScale":"1","isGround":"false","isSensor":"false","linearDamping":"0.0","linearVelocityX":"0.0","linearVelocityY":"0.0","reportBeginContact":"false","reportEndContact":"false","reportPostSolve":"false","reportPreSolve":"false","restitution":"0.2","tweened":"false","type":"Dynamic","collideGroup":["0"],"useParticleSystem":"false","particleRadius":"0.055","particleTexture":"","polyData":[[{"x":87,"y":324.15},{"x":22.05,"y":324.15},{"x":22,"y":312.15},{"x":86.95,"y":312.15}],[{"x":34.8,"y":0},{"x":34.8,"y":315},{"x":22.8,"y":315},{"x":22.8,"y":0}],[{"x":87,"y":0},{"x":87,"y":315},{"x":75,"y":315},{"x":75,"y":0}]]},"0":{"type":"shape","path":[255,312.15,64.95,2,324.15,65,2,324.15,0.05,2,312.15,0,2,312.15,64.95,2,312.15,64.95,1,1,13421772,1,32]},"1":{"type":"shape","path":[255,0,0.8,2,0,12.8,2,315,12.8,2,315,0.8,2,0,0.8,2,0,0.8,1,1,13421772,1,32]},"2":{"type":"shape","path":[255,0,53,2,0,65,2,315,65,2,315,53,2,0,53,2,0,53,1,1,13421772,1,32]}},"7":{"x":55,"y":166.5,"name":"bg","type":"sprite","r":0,"sx":1,"sy":1,"a":1,"skewX":0,"skewY":0,"0":{"x":-12.3,"y":8,"name":"dial1","type":"nbMovie","r":0,"sx":1,"sy":1,"a":1,"skewX":0,"skewY":0,"0":{"index":1,"0":{"type":"bitmap","libName":"10ml量筒.png","x":0,"y":-130,"r":0,"sx":0.344970703125,"sy":0.344970703125,"skewX":0,"skewY":0}},"1":{"index":1,"0":{"type":"bitmap","libName":"a10ml量筒.png","x":0,"y":-130,"r":0,"sx":0.344970703125,"sy":0.344970703125,"skewX":0,"skewY":0}}},"1":{"x":2.05,"y":8.55,"name":"dial","type":"nbMovie","r":0,"sx":1,"sy":1,"a":1,"skewX":0,"skewY":0,"0":{"index":1,"0":{"type":"bitmap","libName":"lt10_1.png","x":-14.85,"y":-130.5,"r":0,"sx":0.345916748046875,"sy":0.3447723388671875,"skewX":0,"skewY":0}},"1":{"index":1,"0":{"type":"bitmap","libName":"lt10_2.png","x":-14.8,"y":-130.5,"r":0,"sx":0.3447723388671875,"sy":0.3447723388671875,"skewX":0,"skewY":0}}},"2":{"type":"bitmap","libName":"Bitmap 1","x":-55,"y":-166.5,"r":0,"sx":1,"sy":1,"skewX":0,"skewY":0}}}