{"type":"sprite","x":0,"y":0,"name":"","0":{"x":139.6,"y":561,"name":"vision","type":"sprite","r":0,"sx":1,"sy":1,"a":1,"skewX":0,"skewY":0,"0":{"x":0,"y":0,"name":"v0","type":"sprite","r":0,"sx":1,"sy":1,"a":1,"skewX":0,"skewY":0,"0":{"x":150,"y":75,"name":"","type":"sprite","r":0.4769369975068025,"sx":0.9986419677734375,"sy":0.9986419677734375,"a":1,"skewX":0.4769369975068025,"skewY":0.4769369975068025,"0":{"type":"bitmap","libName":"眼睛.png","x":-17,"y":-17,"r":0,"sx":0.39996337890625,"sy":0.39996337890625,"skewX":0,"skewY":0}},"1":{"x":0,"y":0,"name":"","type":"sprite","r":0.4773945285820781,"sx":0.9986114501953125,"sy":0.9986114501953125,"a":1,"skewX":0.4773945285820781,"skewY":0.4773945285820781,"0":{"type":"bitmap","libName":"虚线2.png","x":0,"y":-1,"r":0,"sx":0.4999847412109375,"sy":1,"skewX":0,"skewY":0}},"2":{"x":43,"y":22.8,"name":"","type":"sprite","r":0,"sx":1,"sy":1,"a":1,"skewX":0,"skewY":0,"0":{"type":"bitmap","libName":"虚线.png","x":0,"y":-1,"r":0,"sx":0.39996337890625,"sy":1,"skewX":0,"skewY":0}}},"1":{"x":0,"y":0,"name":"v2","type":"sprite","r":0,"sx":1,"sy":1,"a":1,"skewX":0,"skewY":0,"0":{"x":150,"y":-75,"name":"","type":"sprite","r":-0.47995515797018934,"sx":1,"sy":1,"a":1,"skewX":-0.47995515797018934,"skewY":-0.47995515797018934,"0":{"type":"bitmap","libName":"眼睛.png","x":-17,"y":-17,"r":0,"sx":0.39996337890625,"sy":0.39996337890625,"skewX":0,"skewY":0}},"1":{"x":0,"y":0,"name":"","type":"sprite","r":-0.47995515797018934,"sx":1,"sy":1,"a":1,"skewX":-0.47995515797018934,"skewY":-0.47995515797018934,"0":{"type":"bitmap","libName":"虚线2.png","x":0,"y":-1,"r":0,"sx":0.4999847412109375,"sy":1,"skewX":0,"skewY":0}},"2":{"x":43,"y":-22.2,"name":"","type":"sprite","r":0,"sx":1,"sy":1,"a":1,"skewX":0,"skewY":0,"0":{"type":"bitmap","libName":"虚线.png","x":0,"y":-1,"r":0,"sx":0.39996337890625,"sy":1,"skewX":0,"skewY":0}}},"2":{"x":0,"y":0,"name":"v1","type":"sprite","r":0,"sx":1,"sy":1,"a":1,"skewX":0,"skewY":0,"0":{"x":165,"y":0,"name":"","type":"sprite","r":0,"sx":1,"sy":1,"a":1,"skewX":0,"skewY":0,"0":{"type":"bitmap","libName":"眼睛.png","x":-17,"y":-17,"r":0,"sx":0.39996337890625,"sy":0.39996337890625,"skewX":0,"skewY":0}},"1":{"x":0,"y":0,"name":"","type":"sprite","r":0,"sx":1,"sy":1,"a":1,"skewX":0,"skewY":0,"0":{"type":"bitmap","libName":"虚线5.png","x":0,"y":-1,"r":0,"sx":0.5,"sy":1,"skewX":0,"skewY":0}}}},"1":{"x":139.6,"y":561,"name":"visionPos","type":"sprite","r":0,"sx":1,"sy":1,"a":1,"skewX":0,"skewY":0},"2":{"x":184.2,"y":-1.25,"name":"","type":"sprite","r":0,"sx":1,"sy":1,"a":1,"skewX":0,"skewY":0,"linkageClassName":"nb.pourLiquidIn|nb.SetRenderableToFalse|nb.setAllowGetBoundsToFalse","0":{"type":"bitmap","libName":"nb.pourLiquidImg","x":-17.5,"y":-17.5,"r":0,"sx":1,"sy":1,"skewX":0,"skewY":0}},"3":{"x":82.5,"y":9.6,"name":"","type":"sprite","r":0,"sx":1,"sy":1,"a":1,"skewX":0,"skewY":0,"linkageClassName":"nb.pourLiquidOut|nb.SetRenderableToFalse","0":{"type":"bitmap","libName":"nb.pourLiquidOutImg","x":-16,"y":-16,"r":0,"sx":1,"sy":1,"skewX":0,"skewY":0}},"4":{"x":102.45,"y":0,"name":"","type":"sprite","r":0,"sx":0.5673980712890625,"sy":1.8784027099609375,"a":1,"skewX":0,"skewY":0,"linkageClassName":"nb.eqLimitArea|nb.SetRenderableToFalse","0":{"type":"shape","path":[255,0,0,2,0,134,2,294,134,2,294,0,2,0,0,2,0,0,1,0.5098039215686274,3381504,33]}},"5":{"x":67.1,"y":52.35,"name":"","type":"sprite","r":0,"sx":1.51239013671875,"sy":1.3442840576171875,"a":1,"skewX":0,"skewY":0,"capacityVertex":[{"x":179.77306518554687,"y":7.854197692871097},{"x":180.45364074707032,"y":564.5222259521485},{"x":100.07010498046876,"y":563.782869720459},{"x":97.27218322753906,"y":64.31412811279297},{"x":95.60855407714843,"y":9.265695953369146}],"0":{"type":"shape","path":[255,-32.05,18.85,2,-33.1,74.5,2,381,74.95,2,380.45,21.8,2,8.9,19.95,2,-32.05,18.85,2,-32.05,18.85,1,1,52326,1,32]}},"6":{"x":200.9,"y":165,"name":"","type":"sprite","r":0,"sx":1.51239013671875,"sy":1.3442840576171875,"a":1,"skewX":0,"skewY":0,"napeData":{"linkage":"nape.Polygon","active":"true","allowDragging":"false","angularDamping":"0.0","angularVelocity":"0.0","applyGravity":"true","autoSleep":"true","awake":"true","bullet":"true","density":"1.0","disabled":"false","fixedRotation":"false","focusOn":"false","friction":"2","groupIndex":"0","inertiaScale":"1","isGround":"false","isSensor":"false","linearDamping":"0.0","linearVelocityX":"0.0","linearVelocityY":"0.0","reportBeginContact":"false","reportEndContact":"false","reportPostSolve":"false","reportPreSolve":"false","restitution":"0.2","tweened":"false","type":"Dynamic","collideGroup":["0"],"useParticleSystem":"false","particleRadius":"0.055","particleTexture":"","polyData":[[{"x":196.36282958984376,"y":552.2882369995118},{"x":196.4384490966797,"y":576.6197784423828},{"x":86.86578369140625,"y":576.6197784423828},{"x":86.79016418457032,"y":552.2882369995118}],[{"x":107.1318115234375,"y":0.4596313476562557},{"x":107.1318115234375,"y":575.8804222106933},{"x":86.86578369140625,"y":575.8804222106933},{"x":86.86578369140625,"y":0.4596313476562557}],[{"x":198.10207824707032,"y":-0.010868072509765625},{"x":198.10207824707032,"y":575.4099227905274},{"x":177.83605041503907,"y":575.4099227905274},{"x":177.83605041503907,"y":-0.010868072509765625}]]},"0":{"type":"shape","path":[255,288.1,-75.45,2,288.1,-3,2,306.2,-2.95,2,306.2,-75.4,2,288.1,-75.45,2,288.1,-75.45,1,1,13421772,1,32]},"1":{"type":"shape","path":[255,-122.4,-75.4,2,-122.4,-62,2,305.65,-62,2,305.65,-75.4,2,-122.4,-75.4,2,-122.4,-75.4,1,1,13421772,1,32]},"2":{"type":"shape","path":[255,-122.75,-15.25,2,-122.75,-1.85,2,305.3,-1.85,2,305.3,-15.25,2,-122.75,-15.25,2,-122.75,-15.25,1,1,13421772,1,32]}},"7":{"x":136.9,"y":301.5,"name":"bg","type":"sprite","r":0,"sx":1,"sy":1,"a":1,"skewX":0,"skewY":0,"0":{"x":-27.15,"y":-259.6,"name":"dial1","type":"nbMovie","r":0,"sx":1,"sy":1,"a":1,"skewX":0,"skewY":0,"0":{"index":1,"0":{"type":"bitmap","libName":"100ml量筒.png","x":0,"y":0,"r":0,"sx":0.5,"sy":0.5,"skewX":0,"skewY":0}},"1":{"index":1,"0":{"type":"bitmap","libName":"a100ml量筒.png","x":0,"y":0,"r":0,"sx":0.5,"sy":0.5,"skewX":0,"skewY":0}}},"1":{"x":4.8,"y":-21.6,"name":"dial","type":"nbMovie","r":0,"sx":1,"sy":1,"a":1,"skewX":0,"skewY":0,"0":{"index":1,"0":{"type":"bitmap","libName":"lt100_1.png","x":-31.5,"y":-238,"r":0,"sx":0.5,"sy":0.5,"skewX":0,"skewY":0}},"1":{"index":1,"0":{"type":"bitmap","libName":"lt100_2.png","x":-31.5,"y":-238,"r":0,"sx":0.5,"sy":0.5,"skewX":0,"skewY":0}}},"2":{"type":"bitmap","libName":"Bitmap 1","x":-124.75,"y":-301.75,"r":0,"sx":1,"sy":1,"skewX":0,"skewY":0}}}