{"type":"sprite","x":0,"y":0,"name":"","0":{"x":92.05,"y":33.6,"name":"hole","type":"sprite","r":0,"sx":1,"sy":1,"a":0,"skewX":0,"skewY":0,"0":{"type":"bitmap","libName":"洞.png","x":-3.75,"y":-3.75,"r":0,"sx":0.5,"sy":0.5,"skewX":0,"skewY":0}},"1":{"x":109.8,"y":284.25,"name":"ani","type":"nbMovie","r":3.141592653589793,"sx":1,"sy":1,"a":1,"skewX":3.141592653589793,"skewY":3.141592653589793,"0":{"index":1,"0":{"type":"bitmap","libName":"1b6a3575.png copy","x":65.5,"y":-42.95,"r":0,"sx":0.8675537109375,"sy":0.86767578125,"skewX":0,"skewY":3.141592653589793}},"1":{"index":1,"0":{"type":"bitmap","libName":"fa3484ca.png","x":65.5,"y":-31.65,"r":0,"sx":0.8675537109375,"sy":0.8677978515625,"skewX":0,"skewY":3.141592653589793}},"2":{"index":1,"0":{"type":"bitmap","libName":"43a1e19a.png","x":65.5,"y":-37.75,"r":0,"sx":0.8675537109375,"sy":0.8677978515625,"skewX":0,"skewY":3.141592653589793}},"3":{"index":1,"0":{"type":"bitmap","libName":"e84aae52.png copy","x":65.5,"y":-42.95,"r":0,"sx":0.8675537109375,"sy":0.86773681640625,"skewX":0,"skewY":3.141592653589793}}},"2":{"x":91.1,"y":594.45,"name":"drop","type":"sprite","r":0,"sx":1,"sy":1,"a":0,"skewX":0,"skewY":0,"0":{"type":"bitmap","libName":"DropperWater","x":-11.6,"y":0.8,"r":0,"sx":0.5,"sy":0.5,"skewX":0,"skewY":0}},"3":{"x":0.15,"y":0,"name":"specialArea","type":"sprite","r":0,"sx":1,"sy":1,"a":1,"skewX":0,"skewY":0,"linkageClassName":"nb.SetRenderableToFalse","0":{"type":"shape","path":[255,71.05,120.45,2,98.05,120.45,2,98.05,194.5,2,260.1,194.5,2,260.1,122.45,2,295,122.45,2,295,108.45,2,295.05,108.45,2,295.05,181.45,2,353.35,181.45,2,353.35,108.45,2,672.2,108.45,2,672.2,80.45,2,353.35,80.45,2,353.35,35,2,295.05,35,2,295.05,80.45,2,295,80.45,2,295,67.45,2,260.1,67.45,2,260.1,1.45,2,98.05,1.45,2,98.05,66.45,2,71.05,66.45,2,71.05,120.45,2,71.05,120.45,1,0,39321,33]}},"4":{"x":98.1,"y":335,"name":"totalArea","type":"sprite","r":0,"sx":1,"sy":1,"a":1,"skewX":0,"skewY":0,"0":{"type":"shape","path":[255,335,-96.5,2,-335,-96.5,2,-335,96.5,2,335,96.5,2,335,-96.5,2,335,-96.5,1,0,3381759,33]}},"5":{"x":73.9,"y":24.3,"name":"","type":"sprite","r":0,"sx":0.292572021484375,"sy":1.16265869140625,"a":1,"skewX":0,"skewY":0,"linkageClassName":"nb.eqLimitArea|nb.SetRenderableToFalse","0":{"type":"shape","path":[255,0,0,2,0,125.95,2,165.5,125.95,2,165.5,0,2,0,0,2,0,0,1,0.5098039215686274,3381504,33]}},"6":{"x":85,"y":126.55,"name":"","type":"sprite","r":0,"sx":1,"sy":1,"a":1,"skewX":0,"skewY":0,"napeData":{"linkage":"nape.Polygon","active":"true","allowDragging":"false","angularDamping":"0.0","angularVelocity":"0.0","applyGravity":"true","autoSleep":"true","awake":"true","bullet":"true","density":"1.0","disabled":"false","fixedRotation":"false","focusOn":"false","friction":"2","groupIndex":"0","inertiaScale":"1","isGround":"false","isSensor":"false","linearDamping":"0.0","linearVelocityX":"0.0","linearVelocityY":"0.0","reportBeginContact":"false","reportEndContact":"false","reportPostSolve":"false","reportPreSolve":"false","restitution":"0.2","tweened":"false","type":"Dynamic","collideGroup":["0"],"useParticleSystem":"false","particleRadius":"0.055","particleTexture":"","polyData":[[{"x":76.25,"y":22.049999999999997},{"x":76.25,"y":61.25},{"x":65.35,"y":61.25},{"x":65.35,"y":22.049999999999997}],[{"x":80.5,"y":59.39999999999999},{"x":39,"y":82.35},{"x":33.7,"y":72.8},{"x":75.2,"y":49.849999999999994}],[{"x":9.650000000000006,"y":111.95},{"x":34.75,"y":71.69999999999999},{"x":43.95,"y":77.5},{"x":18.849999999999994,"y":117.7}],[{"x":24.1,"y":111.89999999999999},{"x":27.450000000000003,"y":159.25},{"x":16.549999999999997,"y":159.95},{"x":13.200000000000003,"y":112.7}],[{"x":25.950000000000003,"y":154.75},{"x":52.55,"y":194.05},{"x":43.5,"y":200.14999999999998},{"x":16.900000000000006,"y":160.8}],[{"x":86.35,"y":243.95},{"x":43.5,"y":197.7},{"x":51.8,"y":190.5},{"x":94.6,"y":236.85}],[{"x":139.9,"y":198.45},{"x":96.75,"y":244.45},{"x":88.95,"y":236.64999999999998},{"x":132.2,"y":190.7}],[{"x":130.55,"y":193.2},{"x":158.4,"y":154.8},{"x":167.2,"y":161.25},{"x":139.35,"y":199.64999999999998}],[{"x":172.35,"y":114.45},{"x":165.8,"y":161.45},{"x":155,"y":159.9},{"x":161.55,"y":112.95}],[{"x":139.8,"y":79.6},{"x":149.25,"y":74.15},{"x":173,"y":115.2},{"x":163.55,"y":120.64999999999999}],[{"x":109.5,"y":49.2},{"x":150.55,"y":72.94999999999999},{"x":145.1,"y":82.4},{"x":104.05,"y":58.64999999999999}],[{"x":116.5,"y":19.799999999999997},{"x":116.5,"y":59},{"x":105.6,"y":59},{"x":105.6,"y":19.799999999999997}]]},"0":{"type":"shape","path":[255,-104.5,-19.65,2,-104.5,-8.75,2,-65.3,-8.75,2,-65.3,-19.65,2,-104.5,-19.65,2,-104.5,-19.65,1,1,13421772,1,32]},"1":{"type":"shape","path":[255,-76.7,-9.8,2,-67.15,-4.5,2,-44.2,-46,2,-53.75,-51.3,2,-76.7,-9.8,2,-76.7,-9.8,1,1,13421772,1,32]},"2":{"type":"shape","path":[255,-8.85,-66.15,2,-14.6,-75.35,2,-54.85,-50.25,2,-49.05,-41.05,2,-8.85,-66.15,2,-8.85,-66.15,1,1,13421772,1,32]},"3":{"type":"shape","path":[255,-13.85,-71.8,2,-14.65,-60.9,2,32.7,-57.55,2,33.4,-68.45,2,-13.85,-71.8,2,-13.85,-71.8,1,1,13421772,1,32]},"4":{"type":"shape","path":[255,34.25,-68.1,2,28.2,-59.05,2,67.5,-32.45,2,73.6,-41.5,2,34.25,-68.1,2,34.25,-68.1,1,1,13421772,1,32]},"5":{"type":"shape","path":[255,110.3,9.6,2,117.4,1.35,2,71.15,-41.5,2,63.95,-33.2,2,110.3,9.6,2,110.3,9.6,1,1,13421772,1,32]},"6":{"type":"shape","path":[255,64.15,47.2,2,71.9,54.9,2,117.9,11.75,2,110.1,3.95,2,64.15,47.2,2,64.15,47.2,1,1,13421772,1,32]},"7":{"type":"shape","path":[255,73.1,54.35,2,66.65,45.55,2,28.25,73.4,2,34.7,82.2,2,73.1,54.35,2,73.1,54.35,1,1,13421772,1,32]},"8":{"type":"shape","path":[255,-13.6,76.55,2,-12.1,87.35,2,34.9,80.8,2,33.35,70,2,-13.6,76.55,2,-13.6,76.55,1,1,13421772,1,32]},"9":{"type":"shape","path":[255,-5.9,78.55,2,-46.95,54.8,2,-52.4,64.25,2,-11.35,88,2,-5.9,78.55,2,-5.9,78.55,1,1,13421772,1,32]},"10":{"type":"shape","path":[255,-67.9,19.05,2,-77.35,24.5,2,-53.6,65.55,2,-44.15,60.1,2,-67.9,19.05,2,-67.9,19.05,1,1,13421772,1,32]},"11":{"type":"shape","path":[255,-106.75,20.6,2,-106.75,31.5,2,-67.55,31.5,2,-67.55,20.6,2,-106.75,20.6,2,-106.75,20.6,1,1,13421772,1,32]}},"7":{"x":0,"y":0,"name":"","type":"sprite","r":0,"sx":3.74066162109375,"sy":3.74066162109375,"a":1,"skewX":0,"skewY":0,"capacityVertex":[{"x":112.59391479492189,"y":25.997598266601564},{"x":109.2273193359375,"y":59.102453613281256},{"x":136.53414916992188,"y":74.25213317871095},{"x":159.9132843017578,"y":99.31456604003907},{"x":167.3946075439453,"y":123.25480041503907},{"x":164.2150451660156,"y":149.43943176269534},{"x":149.81349792480466,"y":181.2350555419922},{"x":130.73612365722659,"y":203.4919921875},{"x":112.2198486328125,"y":217.70650634765627},{"x":98.94049987792968,"y":238.09311218261718},{"x":97.4442352294922,"y":258.8537841796875},{"x":86.5963165283203,"y":259.0408172607422},{"x":83.22972106933594,"y":234.16541748046876},{"x":74.25213317871095,"y":219.95090332031248},{"x":53.49146118164063,"y":203.6790252685547},{"x":31.795623779296875,"y":176.93329467773435},{"x":18.890341186523436,"y":142.89327392578127},{"x":17.581109619140626,"y":124.37699890136719},{"x":20.947705078124997,"y":100.4367645263672},{"x":43.57870788574219,"y":76.49653015136718},{"x":73.50400085449218,"y":60.41168518066406},{"x":68.82817382812499,"y":24.688366699218747}],"0":{"type":"shape","path":[255,32.95,44.75,2,39.95,43.9,2,48.45,40.05,2,54.4,34.95,2,58.2,30,2,63.65,26.45,2,69.2,26.05,2,69.25,23.15,2,62.6,22.25,2,58.8,19.85,2,54.45,14.3,2,47.3,8.5,2,38.2,5.05,2,33.25,4.7,2,26.85,5.6,2,20.45,11.65,2,16.15,19.65,2,6.6,18.4,2,6.95,30.1,2,15.8,29.2,2,19.85,36.5,2,26.55,42.75,2,32.95,44.75,2,32.95,44.75,1,1,16776960,1,32]}},"8":{"x":114.05,"y":17.5,"name":"","type":"sprite","r":0,"sx":1,"sy":1,"a":1,"skewX":0,"skewY":0,"linkageClassName":"nb.pourLiquidIn|nb.SetRenderableToFalse|nb.setAllowGetBoundsToFalse","0":{"type":"bitmap","libName":"nb.pourLiquidImg","x":-17.5,"y":-17.5,"r":0,"sx":1,"sy":1,"skewX":0,"skewY":0}},"9":{"x":91.8,"y":324.3,"name":"main","type":"sprite","r":0,