{"type":"sprite","x":0,"y":0,"name":"","0":{"x":94.2,"y":75.85,"name":"hole","type":"sprite","r":0,"sx":1,"sy":1,"a":0,"skewX":0,"skewY":0,"0":{"type":"bitmap","libName":"洞.png","x":-3.75,"y":-3.75,"r":0,"sx":0.5,"sy":0.5,"skewX":0,"skewY":0}},"1":{"x":111.95,"y":326.5,"name":"ani","type":"nbMovie","r":3.141592653589793,"sx":1,"sy":1,"a":1,"skewX":3.141592653589793,"skewY":3.141592653589793,"0":{"index":1,"0":{"type":"bitmap","libName":"1b6a3575.png copy","x":65.5,"y":-42.95,"r":0,"sx":0.8675537109375,"sy":0.86767578125,"skewX":0,"skewY":3.141592653589793}},"1":{"index":1,"0":{"type":"bitmap","libName":"fa3484ca.png","x":65.5,"y":-31.65,"r":0,"sx":0.8675537109375,"sy":0.8677978515625,"skewX":0,"skewY":3.141592653589793}},"2":{"index":1,"0":{"type":"bitmap","libName":"43a1e19a.png","x":65.5,"y":-37.75,"r":0,"sx":0.8675537109375,"sy":0.8677978515625,"skewX":0,"skewY":3.141592653589793}},"3":{"index":1,"0":{"type":"bitmap","libName":"e84aae52.png copy","x":65.5,"y":-42.95,"r":0,"sx":0.8675537109375,"sy":0.86773681640625,"skewX":0,"skewY":3.141592653589793}}},"2":{"x":93.25,"y":636.7,"name":"drop","type":"sprite","r":0,"sx":1,"sy":1,"a":0,"skewX":0,"skewY":0,"0":{"type":"bitmap","libName":"DropperWater","x":-11.6,"y":0.8,"r":0,"sx":0.5,"sy":0.5,"skewX":0,"skewY":0}},"3":{"x":98.1,"y":335,"name":"totalArea","type":"sprite","r":0,"sx":1,"sy":1,"a":1,"skewX":0,"skewY":0,"0":{"type":"shape","path":[255,-335,-96.5,2,-335,96.5,2,335,96.5,2,335,-96.5,2,-335,-96.5,2,-335,-96.5,1,0,3381759,33]}},"4":{"x":0.15,"y":0,"name":"specialArea","type":"sprite","r":0,"sx":1,"sy":1,"a":1,"skewX":0,"skewY":0,"linkageClassName":"nb.SetRenderableToFalse","0":{"type":"shape","path":[255,71.05,120.45,2,98.05,120.45,2,98.05,194.5,2,260.1,194.5,2,260.1,122.45,2,295,122.45,2,295,108.45,2,295.05,108.45,2,295.05,181.45,2,353.35,181.45,2,353.35,108.45,2,672.2,108.45,2,672.2,80.45,2,353.35,80.45,2,353.35,35,2,295.05,35,2,295.05,80.45,2,295,80.45,2,295,67.45,2,260.1,67.45,2,260.1,1.45,2,98.05,1.45,2,98.05,66.45,2,71.05,66.45,2,71.05,120.45,2,71.05,120.45,1,0,39321,33]}},"5":{"x":76.05,"y":66.55,"name":"","type":"sprite","r":0,"sx":0.292572021484375,"sy":1.16265869140625,"a":1,"skewX":0,"skewY":0,"linkageClassName":"nb.eqLimitArea|nb.SetRenderableToFalse","0":{"type":"shape","path":[255,0,0,2,0,125.95,2,165.5,125.95,2,165.5,0,2,0,0,2,0,0,1,0.5098039215686274,3381504,33]}},"6":{"x":87.15,"y":168.8,"name":"","type":"sprite","r":0,"sx":1,"sy":1,"a":1,"skewX":0,"skewY":0,"napeData":{"linkage":"nape.Polygon","active":"true","allowDragging":"false","angularDamping":"0.0","angularVelocity":"0.0","applyGravity":"true","autoSleep":"true","awake":"true","bullet":"true","density":"1.0","disabled":"false","fixedRotation":"false","focusOn":"false","friction":"2","groupIndex":"0","inertiaScale":"1","isGround":"false","isSensor":"false","linearDamping":"0.0","linearVelocityX":"0.0","linearVelocityY":"0.0","reportBeginContact":"false","reportEndContact":"false","reportPostSolve":"false","reportPreSolve":"false","restitution":"0.2","tweened":"false","type":"Dynamic","collideGroup":["0"],"useParticleSystem":"false","particleRadius":"0.055","particleTexture":"","polyData":[[{"x":78.4,"y":64.30000000000001},{"x":78.4,"y":103.50000000000001},{"x":67.5,"y":103.50000000000001},{"x":67.5,"y":64.30000000000001}],[{"x":82.65,"y":101.65},{"x":41.150000000000006,"y":124.60000000000001},{"x":35.85000000000001,"y":115.05000000000001},{"x":77.35000000000001,"y":92.10000000000001}],[{"x":11.800000000000011,"y":154.20000000000002},{"x":36.900000000000006,"y":113.95000000000002},{"x":46.10000000000001,"y":119.75000000000001},{"x":21,"y":159.95000000000002}],[{"x":26.250000000000007,"y":154.15},{"x":29.60000000000001,"y":201.5},{"x":18.700000000000003,"y":202.20000000000002},{"x":15.350000000000009,"y":154.95000000000002}],[{"x":28.10000000000001,"y":197},{"x":54.7,"y":236.3},{"x":45.650000000000006,"y":242.4},{"x":19.05000000000001,"y":203.05}],[{"x":88.5,"y":286.20000000000005},{"x":45.650000000000006,"y":239.95000000000002},{"x":53.95,"y":232.75},{"x":96.75,"y":279.1}],[{"x":142.05,"y":240.70000000000002},{"x":98.9,"y":286.70000000000005},{"x":91.10000000000001,"y":278.9},{"x":134.35000000000002,"y":232.95000000000002}],[{"x":132.7,"y":235.45000000000002},{"x":160.55,"y":197.05},{"x":169.35000000000002,"y":203.5},{"x":141.5,"y":241.9}],[{"x":174.5,"y":156.70000000000002},{"x":167.95,"y":203.70000000000002},{"x":157.15,"y":202.15},{"x":163.7,"y":155.20000000000002}],[{"x":141.95,"y":121.85000000000001},{"x":151.4,"y":116.4},{"x":175.15,"y":157.45000000000002},{"x":165.7,"y":162.9}],[{"x":111.65,"y":91.45000000000002},{"x":152.7,"y":115.20000000000002},{"x":147.25,"y":124.65},{"x":106.2,"y":100.9}],[{"x":118.65,"y":62.05000000000001},{"x":118.65,"y":101.25000000000001},{"x":107.75,"y":101.25000000000001},{"x":107.75,"y":62.05000000000001}]]},"0":{"type":"shape","path":[255,-104.5,-19.65,2,-104.5,-8.75,2,-65.3,-8.75,2,-65.3,-19.65,2,-104.5,-19.65,2,-104.5,-19.65,1,1,13421772,1,32]},"1":{"type":"shape","path":[255,-76.7,-9.8,2,-67.15,-4.5,2,-44.2,-46,2,-53.75,-51.3,2,-76.7,-9.8,2,-76.7,-9.8,1,1,13421772,1,32]},"2":{"type":"shape","path":[255,-8.85,-66.15,2,-14.6,-75.35,2,-54.85,-50.25,2,-49.05,-41.05,2,-8.85,-66.15,2,-8.85,-66.15,1,1,13421772,1,32]},"3":{"type":"shape","path":[255,-13.85,-71.8,2,-14.65,-60.9,2,32.7,-57.55,2,33.4,-68.45,2,-13.85,-71.8,2,-13.85,-71.8,1,1,13421772,1,32]},"4":{"type":"shape","path":[255,34.25,-68.1,2,28.2,-59.05,2,67.5,-32.45,2,73.6,-41.5,2,34.25,-68.1,2,34.25,-68.1,1,1,13421772,1,32]},"5":{"type":"shape","path":[255,110.3,9.6,2,117.4,1.35,2,71.15,-41.5,2,63.95,-33.2,2,110.3,9.6,2,110.3,9.6,1,1,13421772,1,32]},"6":{"type":"shape","path":[255,64.15,47.2,2,71.9,54.9,2,117.9,11.75,2,110.1,3.95,2,64.15,47.2,2,64.15,47.2,1,1,13421772,1,32]},"7":{"type":"shape","path":[255,73.1,54.35,2,66.65,45.55,2,28.25,73.4,2,34.7,82.2,2,73.1,54.35,2,73.1,54.35,1,1,13421772,1,32]},"8":{"type":"shape","path":[255,-13.6,76.55,2,-12.1,87.35,2,34.9,80.8,2,33.35,70,2,-13.6,76.55,2,-13.6,76.55,1,1,13421772,1,32]},"9":{"type":"shape","path":[255,-5.9,78.55,2,-46.95,54.8,2,-52.4,64.25,2,-11.35,88,2,-5.9,78.55,2,-5.9,78.55,1,1,13421772,1,32]},"10":{"type":"shape","path":[255,-67.9,19.05,2,-77.35,24.5,2,-53.6,65.55,2,-44.15,60.1,2,-67.9,19.05,2,-67.9,19.05,1,1,13421772,1,32]},"11":{"type":"shape","path":[255,-106.75,20.6,2,-106.75,31.5,2,-67.55,31.5,2,-67.55,20.6,2,-106.75,20.6,2,-106.75,20.6,1,1,13421772,1,32]}},"7":{"x":63.95,"y":0,"name":"","type":"sprite","r":0,"sx":3.74066162109375,"sy":3.74066162109375,"a":1,"skewX":0,"skewY":0,"capacityVertex":[{"x":114.63596496582032,"y":66.39674377441406},{"x":111.26936950683594,"y":99.50159912109376},{"x":138.57619934082032,"y":114.46424560546876},{"x":161.76830139160154,"y":139.71371154785157},{"x":169.43665771484376,"y":163.4669128417969},{"x":166.0700622558594,"y":189.8385772705078},{"x":151.8555480957031,"y":221.6342010498047},{"x":132.5911407470703,"y":243.89113769531252},{"x":114.07486572265626,"y":257.9186187744141},{"x":100.98255004882813,"y":278.4922576904297},{"x":99.48628540039063,"y":299.2529296875},{"x":88.63836669921875,"y":299.43996276855466},{"x":85.0847381591797,"y":274.5645629882813},{"x":76.29418334960937,"y":260.1630157470703},{"x":55.34647827148438,"y":243.89113769531252},{"x":33.83767395019531,"y":217.3324401855469},{"x":20.745358276367185,"y":183.10538635253909},{"x":19.623159790039068,"y":164.589111328125},{"x":22.802722167968753,"y":140.83591003417968},{"x":45.620758056640625,"y":116.89567565917969},{"x":75.35901794433593,"y":100.62379760742186},{"x":71.05725708007813,"y":65.46157836914062}],"0":{"type":"shape","path":[255,26.9,3.05,2,17.5,1.9,2,17.75,13.55,2,26.6,12.65,2,30.6,19.95,2,37.35,26.15,2,43.7,28.2,2,50.75,27.3,2,59.25,23.5,2,65.2,18.35,2,68.95,13.4,2,74.45,9.9,2,80,9.5,2,80.05,6.6,2,73.4,5.65,2,69.55,3.3,2,65.2,-2.3,2,58.1,-8.05,2,48.95,-11.55,2,44,-11.85,2,37.65,-11,2,31.25,-4.9,2,26.9,3.05,2,26.9,3.05,1,1,16776960,1,32]}},"8":{"x":116.2,